n_of_h,h_names,h_stem_lens,h_stem_len_av,dist_between_h,dist_between_h_av,cluster_start,cluster_stop,up_name,up_dist,up_utr,dw_name,dw_dist,dw_utr,av_dist,overlap,type,position
6,REP1a;REP1b;REP1d;REP2824d;REP2824b;REP2824a,6;15;15;15;15;6,12.0,-15;-15;-15;-15;-15,-15.0,8178,8292,ISO16_RS28545,2.0,'3,ISO16_RS00030,3.0,'3,2.5,True,outside,convergent
2,REP2823b;REP2823a,10;7,8.5,7,7.0,9422,9475,ISO16_RS00030,41.0,'5,ISO16_RS00035,13.0,'3,27.0,False,outside,codirectional
2,REP4a;REP4b,16;13,14.5,-15,-15.0,12734,12792,ISO16_RS00050,14.0,'3,ISO16_RS00055,-17.0,'3,-1.5,True,outside,convergent
2,REP2818;REP8c,4;9,6.5,88,88.0,25985,26109,ISO16_RS00110,74.0,'5,ISO16_RS00115,,'3,,False,outside,codirectional
3,REP15a;REP15b;REP15c,7;14;6,9.0,46;34,40.0,56003,56155,ISO16_RS00245,21.0,'3,ISO16_RS00255,376.0,'5,198.5,False,outside,codirectional
2,REP16a;REP16c,10;13,11.5,53,53.0,57677,57783,ISO16_RS00255,3.0,'3,ISO16_RS00260,162.0,'5,82.5,False,outside,codirectional
3,REP2810c;REP17c;REP2810a,17;5;2,8.0,39;87,63.0,59511,59703,ISO16_RS00260,105.0,'3,ISO16_RS00270,11.0,'3,58.0,False,outside,convergent
3,REP2804a;REP23b;REP23c,4;4;7,5.0,31;50,40.5,81672,81798,ISO16_RS00360,34.0,'3,ISO16_RS00365,,'3,,False,outside,convergent
3,REP2803c;REP2803b;REP2803a,15;5;9,9.666666666666666,-7;23,8.0,83001,83085,ISO16_RS00370,201.0,'5,ISO16_RS00375,173.0,'3,187.0,True,outside,codirectional
3,REP24a;REP2800a;REP24c,10;6;14,10.0,2;10,6.0,90199,90303,ISO16_RS00400,87.0,'3,ISO16_RS00410,136.0,'3,111.5,False,outside,convergent
3,REP2797c;REP2797b;REP29a,8;4;24,12.0,71;19,45.0,117228,117409,ISO16_RS00520,,'3,ISO16_RS00525,12.0,'3,,False,outside,convergent
4,REP32a;REP32b;REP32c;REP32d,6;7;6;8,6.75,37;79;95,70.33333333333333,131582,131870,ISO16_RS00590,41.0,'3,ISO16_RS00605,47.0,'5,44.0,False,outside,codirectional
2,REP33a;REP33b,17;19,18.0,40,40.0,133306,133429,ISO16_RS00605,12.0,'3,ISO16_RS00610,46.0,'5,29.0,False,outside,codirectional
2,REP2792b;REP2792a,7;8,7.5,47,47.0,137921,138005,ISO16_RS00625,40.0,'5,ISO16_RS00630,42.0,'3,41.0,False,outside,codirectional
3,REP38a;REP2789b;REP2789a,11;5;7,7.666666666666667,56;27,41.5,146475,146621,ISO16_RS00660,20.0,'3,ISO16_RS00665,1.0,'3,10.5,False,outside,convergent
2,REP2786b;REP2786a,5;12,8.5,49,49.0,159248,159340,ISO16_RS00730,,'3,ISO16_RS00735,1.0,'3,,False,outside,convergent
2,REP44a;REP44b,9;5,7.0,9,9.0,173140,173184,ISO16_RS00790,21.0,'3,ISO16_RS00795,320.0,'5,170.5,False,outside,codirectional
2,REP44c;REP44d,5;5,5.0,86,86.0,173303,173419,ISO16_RS00790,184.0,'3,ISO16_RS00795,85.0,'5,134.5,False,outside,codirectional
2,REP45a;REP45b,10;5,7.5,37,37.0,176619,176697,ISO16_RS00795,7.0,'3,ISO16_RS00800,120.0,'5,63.5,False,outside,codirectional
2,REP46a;REP46b,19;6,12.5,9,9.0,177478,177547,ISO16_RS00805,49.0,'3,ISO16_RS00810,82.0,'5,65.5,False,outside,codirectional
2,REP53a;REP53b,5;9,7.0,1,1.0,207070,207110,ISO16_RS00940,22.0,'3,ISO16_RS00945,109.0,'5,65.5,False,outside,codirectional
3,REP59a;REP59b;REP59c,13;2;8,7.666666666666667,30;27,28.5,246944,247067,ISO16_RS01100,8.0,'3,ISO16_RS01105,16.0,'5,12.0,False,outside,codirectional
2,REP60a;REP60b,17;6,11.5,5,5.0,248443,248503,ISO16_RS01110,27.0,'3,ISO16_RS01115,21.0,'5,24.0,False,outside,codirectional
2,REP61a;REP61b,26;4,15.0,-9,-9.0,250350,250412,ISO16_RS01125,20.0,'3,ISO16_RS01130,136.0,'5,78.0,True,outside,codirectional
3,REP62a;REP62b;REP62c,7;8;10,8.333333333333334,46;61,53.5,253882,254057,ISO16_RS01140,108.0,'3,ISO16_RS01145,7.0,'5,57.5,False,outside,codirectional
3,REP66a;REP2777a;REP66d,8;15;5,9.333333333333334,6;51,28.5,259924,260051,ISO16_RS01180,11.0,'3,ISO16_RS01185,,'3,,False,outside,convergent
2,REP2772c;REP2772b,4;5,4.5,42,42.0,273864,273931,ISO16_RS01255,31.0,'5,ISO16_RS01260,7.0,'3,19.0,False,outside,codirectional
2,REP2771b;REP74a,9;16,12.5,26,26.0,275470,275559,ISO16_RS01265,,'3,ISO16_RS01270,20.0,'3,,False,outside,convergent
2,REP2770b;REP75b,7;8,7.5,93,93.0,282307,282446,ISO16_RS01295,,'3,ISO16_RS01300,3.0,'3,,False,outside,convergent
3,REP2769c;REP77b;REP77d,6;12;8,8.666666666666666,5;88,46.5,286626,286788,ISO16_RS01315,6.0,'3,ISO16_RS01320,,'3,,False,outside,convergent
3,REP78a;REP78b;REP78c,5;5;8,6.0,3;5,4.0,290898,290961,ISO16_RS01330,35.0,'3,ISO16_RS01335,37.0,'5,36.0,False,outside,codirectional
2,REP82c;REP82d,7;5,6.0,62,62.0,300407,300502,ISO16_RS01370,,'5,ISO16_RS01375,-6.0,'3,,False,outside,codirectional
2,REP84a;REP84b,16;7,11.5,0,0.0,306289,306347,ISO16_RS01395,27.0,'3,ISO16_RS01400,20.0,'5,23.5,False,outside,codirectional
2,REP88a;REP88c,17;9,13.0,60,60.0,318509,318641,ISO16_RS01465,44.0,'3,ISO16_RS01470,193.0,'5,118.5,False,outside,codirectional
2,REP89a;REP89b,15;5,10.0,55,55.0,321145,321254,ISO16_RS01470,19.0,'3,ISO16_RS01475,160.0,'5,89.5,False,outside,codirectional
2,REP2754a;REP111b,6;4,5.0,32,32.0,387427,387485,ISO16_RS01785,5.0,'3,ISO16_RS01790,,'3,,False,outside,convergent
3,REP2750b;REP2750a;REP115a,4;7;7,6.0,45;1,23.0,406536,406633,ISO16_RS01860,,'3,ISO16_RS01865,-10.0,'3,,False,outside,convergent
3,REP2747c;REP2747b;REP2747a,12;9;6,9.0,75;-11,32.0,413834,413969,ISO16_RS01885,44.0,'5,ISO16_RS01890,2.0,'3,23.0,True,outside,codirectional
2,REP2729a;REP132b,12;4,8.0,45,45.0,464892,464979,ISO16_RS02120,5.0,'3,ISO16_RS02125,,'3,,False,outside,convergent
3,REP133a;REP133b;REP133c,17;4;7,9.333333333333334,98;6,52.0,466380,466553,ISO16_RS02130,13.0,'3,ISO16_RS02175,1095.0,'5,554.0,False,outside,codirectional
2,REP136a;REP136b,7;13,10.0,34,34.0,474958,475046,ISO16_RS02205,86.0,'3,ISO16_RS02210,47.0,'5,66.5,False,outside,codirectional
2,REP138a;REP138c,10;7,8.5,40,40.0,476940,477022,ISO16_RS02215,12.0,'3,ISO16_RS02220,18.0,'5,15.0,False,outside,codirectional
2,REP140a;REP140b,18;5,11.5,9,9.0,478492,478558,ISO16_RS02225,14.0,'3,ISO16_RS02230,21.0,'5,17.5,False,outside,codirectional
2,REP2726a;REP147b,15;9,12.0,8,8.0,499894,499956,ISO16_RS02325,3.0,'3,ISO16_RS02330,6.0,'3,4.5,False,outside,convergent
3,REP148a;REP148b;REP148c,16;7;12,11.666666666666666,39;-12,13.5,503123,503239,ISO16_RS02340,98.0,'3,ISO16_RS02345,399.0,'5,248.5,True,outside,codirectional
2,REP2719b;REP2719a,7;15,11.0,18,18.0,529420,529492,ISO16_RS02445,,'3,ISO16_RS02450,59.0,'3,,False,outside,convergent
3,REP2717c;REP2717b;REP2717a,6;5;9,6.666666666666667,16;89,52.5,531316,531479,ISO16_RS02465,,'3,ISO16_RS02470,61.0,'3,,False,outside,convergent
2,REP2712d;REP2712c,4;5,4.5,77,77.0,555086,555190,ISO16_RS02575,,'3,ISO16_RS02580,454.0,'3,,False,outside,convergent
4,REP2710a;REP161b;REP161c;REP161d,4;4;7;9,6.0,-15;95;61,47.0,565884,566104,ISO16_RS02610,12.0,'3,ISO16_RS02615,,'3,,True,outside,convergent
3,REP162a;REP162b;REP162c,4;12;5,7.0,43;25,34.0,570982,571112,ISO16_RS02630,53.0,'3,ISO16_RS02635,40.0,'5,46.5,False,outside,codirectional
3,REP165a;REP165c;REP165d,5;10;12,9.0,97;-24,36.5,579816,579974,ISO16_RS02675,,'5,ISO16_RS02680,102.0,'5,,True,outside,divergent
3,REP166b;REP166c;REP166d,5;4;9,6.0,8;97,52.5,583764,583919,ISO16_RS02695,152.0,'3,ISO16_RS02700,109.0,'5,130.5,False,outside,codirectional
2,REP2703a;REP176a,5;7,6.0,22,22.0,634023,634075,ISO16_RS02920,,'3,ISO16_RS02925,15.0,'3,,False,outside,convergent
3,REP179a;REP179b;REP179c,24;7;5,12.0,30;33,31.5,646175,646320,ISO16_RS02980,9.0,'3,ISO16_RS02985,,'3,,False,outside,convergent
3,REP2697d;REP2697c;REP181c,7;5;14,8.666666666666666,93;12,52.5,657823,657998,ISO16_RS03040,,'3,ISO16_RS03045,-5.0,'3,,False,outside,convergent
2,REP2696d;REP182a,4;7,5.5,-15,-15.0,662732,662753,ISO16_RS03060,53.0,'3,ISO16_RS03065,80.0,'5,66.5,True,outside,codirectional
3,REP2694a;REP185a;REP185d,6;13;6,8.333333333333334,63;57,60.0,675551,675741,ISO16_RS03115,21.0,'3,ISO16_RS03120,,'3,,False,outside,convergent
2,REP2691d;REP2691c,6;6,6.0,47,47.0,688746,688826,ISO16_RS03175,124.0,'5,ISO16_RS03180,80.0,'3,102.0,False,outside,codirectional
2,REP188a;REP188b,19;7,13.0,20,20.0,692967,693053,ISO16_RS03200,18.0,'3,ISO16_RS03215,482.0,'5,250.0,False,outside,codirectional
3,REP189a;REP2690a;REP189d,14;9;5,9.333333333333334,11;6,8.5,695506,695589,ISO16_RS03220,46.0,'3,ISO16_RS03225,,'3,,False,outside,convergent
3,REP192;REP2687b;REP2687a,4;5;5,4.666666666666667,67;67,67.0,707672,707851,ISO16_RS03290,75.0,'3,ISO16_RS03300,229.0,'3,152.0,False,outside,convergent
2,REP199b;REP199c,19;14,16.5,-26,-26.0,741386,741435,ISO16_RS03420,6.0,'3,ISO16_RS03425,18.0,'5,12.0,True,outside,codirectional
2,REP208a;REP2672a,6;4,5.0,17,17.0,770112,770160,ISO16_RS03555,116.0,'3,ISO16_RS03560,0.0,'3,58.0,False,outside,convergent
2,REP2671b;REP209a,6;15,10.5,4,4.0,778533,778588,ISO16_RS03590,-7.0,'3,ISO16_RS03595,12.0,'3,2.5,False,outside,convergent
2,REP2665b;REP2665a,7;4,5.5,92,92.0,808486,808613,ISO16_RS03640,25.0,'3,ISO16_RS03645,72.0,'3,48.5,False,outside,convergent
4,REP2664c;REP2664b;REP2664a;REP214b,6;4;5;5,5.0,94;23;49,55.333333333333336,813753,813976,ISO16_RS03665,,'3,ISO16_RS03670,6.0,'3,,False,outside,convergent
2,REP2663c;REP2663a,7;16,11.5,51,51.0,814470,814574,ISO16_RS03670,41.0,'5,ISO16_RS03675,68.0,'3,54.5,False,outside,codirectional
3,REP216a;REP216b;REP216c,6;7;7,6.666666666666667,24;51,37.5,824384,824512,ISO16_RS03715,154.0,'3,ISO16_RS03720,8.0,'5,81.0,False,outside,codirectional
2,REP218a;REP218b,10;15,12.5,57,57.0,834161,834280,ISO16_RS03745,12.0,'3,ISO16_RS03750,178.0,'5,95.0,False,outside,codirectional
4,REP2656d;REP2656c;REP2656b;REP2656a,5;5;15;8,8.25,4;49;34,29.0,855745,855920,ISO16_RS03845,135.0,'5,ISO16_RS03855,108.0,'3,121.5,False,outside,codirectional
2,REP227a;REP227b,4;4,4.0,29,29.0,922207,922259,ISO16_RS04095,113.0,'3,ISO16_RS04100,74.0,'5,93.5,False,outside,codirectional
4,REP229a;REP229b;REP229c;REP2648a,7;6;5;5,5.75,1;84;43,42.66666666666666,926051,926245,ISO16_RS04110,21.0,'3,ISO16_RS04115,149.0,'3,85.0,False,outside,convergent
2,REP2647d;REP2647c,12;7,9.5,21,21.0,933645,933728,ISO16_RS04130,-22.0,'3,ISO16_RS04135,263.0,'3,120.5,False,outside,convergent
2,REP2647b;REP230c,6;5,5.5,44,44.0,933862,933935,ISO16_RS04130,195.0,'3,ISO16_RS04135,56.0,'3,125.5,False,outside,convergent
2,REP234a;REP234d,4;8,6.0,67,67.0,969351,969453,ISO16_RS04295,113.0,'3,ISO16_RS04300,,'3,,False,outside,convergent
2,REP2637b;REP237a,3;19,11.0,72,72.0,982069,982204,ISO16_RS04355,,'3,ISO16_RS04360,11.0,'3,,False,outside,convergent
2,REP2636a;REP238a,7;9,8.0,86,86.0,986765,986893,ISO16_RS04370,0.0,'3,ISO16_RS04375,,'3,,False,outside,convergent
2,REP2634b;REP2634a,8;4,6.0,-13,-13.0,995141,995164,ISO16_RS04410,29.0,'5,ISO16_RS04415,102.0,'3,65.5,True,outside,codirectional
2,REP2632b;REP2632a,5;5,5.0,81,81.0,1002660,1002770,ISO16_RS04440,23.0,'5,ISO16_RS04445,44.0,'3,33.5,False,outside,codirectional
2,REP2631d;REP2631c,5;7,6.0,-4,-4.0,1004687,1004714,ISO16_RS04445,85.0,'5,ISO16_RS04450,297.0,'3,191.0,True,outside,codirectional
2,REP2629d;REP2629c,6;14,10.0,43,43.0,1012704,1012803,ISO16_RS04485,,'3,ISO16_RS04490,126.0,'3,,False,outside,convergent
5,REP2628d;REP2628c;REP2628b;REP2628a;REP244c,6;4;6;16;7,7.8,55;-5;37;5,23.0,1015272,1015472,ISO16_RS04500,,'3,ISO16_RS04505,-16.0,'3,,True,outside,convergent
2,REP245a;REP2627c,11;19,15.0,-25,-25.0,1018661,1018714,ISO16_RS04515,15.0,'3,ISO16_RS04520,51.0,'3,33.0,True,outside,convergent
3,REP2625c;REP2625b;REP2625a,9;9;15,11.0,16;93,54.5,1027999,1028189,ISO16_RS04545,28.0,'5,ISO16_RS04550,10.0,'3,19.0,False,outside,codirectional
2,REP2617c;REP2617a,8;13,10.5,39,39.0,1057571,1057659,ISO16_RS04710,14.0,'5,ISO16_RS04715,60.0,'3,37.0,False,outside,codirectional
3,REP2611b;REP2611a;REP256c,16;4;5,8.333333333333334,34;-12,11.0,1071683,1071768,ISO16_RS04790,18.0,'3,ISO16_RS04795,5.0,'3,11.5,True,outside,convergent
3,REP2607c;REP2607b;REP257c,3;11;4,6.0,94;9,51.5,1082429,1082583,ISO16_RS04830,,'3,ISO16_RS04835,4.0,'3,,False,outside,convergent
2,REP2603b;REP2603a,6;9,7.5,-18,-18.0,1103925,1103947,ISO16_RS04890,71.0,'5,ISO16_RS04895,0.0,'3,35.5,True,outside,codirectional
2,REP2601b;REP2601a,8;5,6.5,-9,-9.0,1106847,1106882,ISO16_RS04910,794.0,'5,ISO16_RS04915,21.0,'3,407.5,True,outside,codirectional
2,REP264b;REP264c,15;7,11.0,40,40.0,1126287,1126377,ISO16_RS04995,19.0,'3,ISO16_RS05000,,'3,,False,outside,convergent
2,REP2593b;REP2593a,6;4,5.0,47,47.0,1131737,1131813,ISO16_RS05010,167.0,'5,ISO16_RS05015,46.0,'3,106.5,False,outside,codirectional
2,REP2591c;REP2591b,5;4,4.5,-6,-6.0,1137042,1137073,ISO16_RS05045,127.0,'5,ISO16_RS05050,44.0,'3,85.5,True,outside,codirectional
2,REP2588d;REP2588a,6;17,11.5,88,88.0,1152707,1152854,ISO16_RS05105,263.0,'5,ISO16_RS05110,27.0,'3,145.0,False,outside,codirectional
2,REP2579b;REP2579a,8;5,6.5,49,49.0,1181837,1181925,ISO16_RS05245,,'3,ISO16_RS05250,11.0,'3,,False,outside,convergent
3,REP269a;REP269b;REP269c,20;4;8,10.666666666666666,-15;39,12.0,1187993,1188097,ISO16_RS05275,22.0,'3,ISO16_RS05280,706.0,'3,364.0,True,outside,convergent
2,REP2578d;REP2578c,5;5,5.0,10,10.0,1188339,1188378,ISO16_RS05275,368.0,'3,ISO16_RS05280,425.0,'3,396.5,False,outside,convergent
3,REP2573d;REP273a;REP2573a,7;7;7,7.0,48;10,29.0,1198480,1198589,ISO16_RS05325,,'3,ISO16_RS05330,0.0,'3,,False,outside,convergent
3,REP274a;REP274b;REP274c,13;6;11,10.0,-6;48,21.0,1202418,1202535,ISO16_RS05340,9.0,'3,ISO16_RS05345,131.0,'5,70.0,True,outside,codirectional
3,REP2570d;REP280a;REP2570a,6;6;18,10.0,93;21,57.0,1213374,1213562,ISO16_RS05390,,'3,ISO16_RS05395,9.0,'3,,False,outside,convergent
2,REP2569a;REP281a,12;7,9.5,80,80.0,1215807,1215945,ISO16_RS05400,-33.0,'3,ISO16_RS05405,,'3,,False,outside,convergent
3,REP288b;REP288c;REP288d,5;5;2,4.0,93;82,87.5,1248150,1248363,ISO16_RS28900,219.0,'3,ISO16_RS05545,110.0,'5,164.5,False,outside,codirectional
3,REP2560a;REP293b;REP293c,26;5;4,11.666666666666666,35;-3,16.0,1261716,1261837,ISO16_RS05595,4.0,'3,ISO16_RS05600,,'3,,True,outside,convergent
2,REP2559b;REP2559a,13;8,10.5,-16,-16.0,1266966,1267005,ISO16_RS05615,155.0,'3,ISO16_RS05620,130.0,'3,142.5,True,outside,convergent
2,REP294c;REP294d,5;7,6.0,53,53.0,1267116,1267202,ISO16_RS05615,305.0,'3,ISO16_RS05620,,'3,,False,outside,convergent
2,REP2558a;REP295b,16;4,10.0,23,23.0,1268853,1268925,ISO16_RS05625,8.0,'3,ISO16_RS05630,,'3,,False,outside,convergent
4,REP2556d;REP298d;REP2556b;REP2556a,21;4;6;6,9.25,83;67;88,79.33333333333333,1278585,1278918,ISO16_RS05670,504.0,'3,ISO16_RS05690,197.0,'3,350.5,False,outside,convergent
3,REP2555b;REP300b;REP300c,13;17;7,12.333333333333334,-30;44,7.0,1285156,1285268,ISO16_RS05705,4.0,'3,ISO16_RS05710,,'3,,True,outside,convergent
2,REP303d;REP2551,3;5,4.0,13,13.0,1296242,1296285,ISO16_RS05770,,'5,ISO16_RS05775,77.0,'3,,False,outside,codirectional
2,REP2548b;REP305c,4;6,5.0,54,54.0,1303880,1303965,ISO16_RS05810,42.0,'3,ISO16_RS05815,,'3,,False,outside,convergent
3,REP2541d;REP2541b;REP313a,2;5;15,7.333333333333333,57;56,56.5,1345349,1345524,ISO16_RS06005,,'3,ISO16_RS06010,54.0,'3,,False,outside,convergent
2,REP2538b;REP2538a,7;16,11.5,44,44.0,1354176,1354276,ISO16_RS06060,,'3,ISO16_RS06065,8.0,'3,,False,outside,convergent
3,REP2536d;REP2536c;REP2536b,6;4;23,11.0,21;80,50.5,1357153,1357358,ISO16_RS06070,185.0,'5,ISO16_RS06075,62.0,'3,123.5,False,outside,codirectional
2,REP2527a;REP323b,6;9,7.5,9,9.0,1395917,1395964,ISO16_RS06240,5.0,'3,ISO16_RS06245,,'3,,False,outside,convergent
2,REP2526c;REP2526b,6;6,6.0,11,11.0,1400681,1400735,ISO16_RS06270,191.0,'5,ISO16_RS06275,49.0,'3,120.0,False,outside,codirectional
2,REP2523b;REP2523a,4;15,9.5,11,11.0,1405988,1406044,ISO16_RS06290,94.0,'5,ISO16_RS06295,24.0,'3,59.0,False,outside,codirectional
5,REP2519d;REP327a;REP327b;REP2519b;REP2519a,7;6;16;16;6,10.2,22;-15;-15;-15,-5.75,1423091,1423198,ISO16_RS06375,,'3,ISO16_RS06380,9.0,'3,,True,outside,convergent
4,REP2518d;REP2518b;REP2518a;REP329a,5;10;5;7,6.75,21;-4;56,24.33333333333333,1428900,1429052,ISO16_RS06405,,'3,ISO16_RS06410,-10.0,'3,,True,outside,convergent
2,REP2514c;REP2514b,17;6,11.5,33,33.0,1442619,1442712,ISO16_RS06475,484.0,'5,ISO16_RS06490,166.0,'3,325.0,False,outside,codirectional
2,REP2511b;REP2511a,12;12,12.0,48,48.0,1448265,1448380,ISO16_RS06515,410.0,'5,ISO16_RS06525,13.0,'3,211.5,False,outside,codirectional
2,REP2508c;REP2508b,8;5,6.5,7,7.0,1460078,1460121,ISO16_RS06580,177.0,'3,ISO16_RS06590,163.0,'3,170.0,False,outside,convergent
2,REP2496b;REP344b,7;11,9.0,34,34.0,1503016,1503097,ISO16_RS06755,7.0,'3,ISO16_RS06760,18.0,'3,12.5,False,outside,convergent
2,REP2494b;REP2494a,18;4,11.0,-12,-12.0,1510456,1510494,ISO16_RS06800,23.0,'3,ISO16_RS06805,100.0,'3,61.5,True,outside,convergent
4,REP349a;REP349b;REP349c;REP349d,15;5;7;6,8.25,32;22;43,32.333333333333336,1516761,1516940,ISO16_RS06840,30.0,'3,ISO16_RS06845,,'3,,False,outside,convergent
3,REP2487c;REP2487b;REP2487a,8;7;11,8.666666666666666,9;70,39.5,1527414,1527562,ISO16_RS06885,19.0,'5,ISO16_RS06890,88.0,'3,53.5,False,outside,codirectional
2,REP2479d;REP2479c,5;3,4.0,-7,-7.0,1559257,1559286,ISO16_RS07035,128.0,'5,ISO16_RS07040,71.0,'5,99.5,True,outside,divergent
2,REP2476b;REP360c,6;9,7.5,93,93.0,1577591,1577722,ISO16_RS07140,7.0,'3,ISO16_RS07145,,'3,,False,outside,convergent
4,REP2474d;REP2474c;REP2474b;REP2474a,5;6;7;9,6.75,81;30;-2,36.333333333333336,1592889,1593076,ISO16_RS07200,,'3,ISO16_RS07205,78.0,'3,,True,outside,convergent
3,REP2473d;REP2473c;REP2473b,6;9;4,6.333333333333333,70;55,62.5,1594562,1594755,ISO16_RS07215,,'3,ISO16_RS07220,74.0,'3,,False,outside,convergent
4,REP2471d;REP2471c;REP2471b;REP2471a,4;8;5;8,6.25,73;12;59,48.0,1599432,1599645,ISO16_RS07230,83.0,'5,ISO16_RS07235,80.0,'3,81.5,False,outside,codirectional
3,REP366a;REP366b;REP366c,19;3;6,9.333333333333334,-11;40,14.5,1610873,1610974,ISO16_RS07280,11.0,'3,ISO16_RS07285,,'3,,True,outside,convergent
2,REP369a;REP369c,22;5,13.5,68,68.0,1632023,1632153,ISO16_RS07390,17.0,'3,ISO16_RS07395,,'3,,False,outside,convergent
4,REP2461d;REP2461c;REP2461b;REP2461a,8;16;17;7,12.0,-21;-27;-16,-21.33333333333333,1635969,1636025,ISO16_RS07410,28.0,'5,ISO16_RS07415,0.0,'3,14.0,True,outside,codirectional
3,REP2454a;REP375c;REP375d,20;4;9,11.0,77;59,68.0,1664634,1664848,ISO16_RS07540,15.0,'3,ISO16_RS07545,,'3,,False,outside,convergent
5,REP2452a;REP377a;REP377b;REP377c;REP377d,6;16;9;5;7,8.6,12;90;73;46,55.25,1674660,1675014,ISO16_RS07595,26.0,'3,ISO16_RS07600,,'3,,False,outside,convergent
2,REP378a;REP378b,15;5,10.0,45,45.0,1678357,1678448,ISO16_RS07615,15.0,'3,ISO16_RS07620,,'3,,False,outside,convergent
3,REP2448b;REP2448a;REP379b,7;26;6,13.0,44;-8,18.0,1685417,1685543,ISO16_RS07640,,'3,ISO16_RS07645,-8.0,'3,,True,outside,convergent
2,REP2446c;REP380a,11;17,14.0,8,8.0,1688933,1689005,ISO16_RS07660,-13.0,'3,ISO16_RS07665,47.0,'3,17.0,False,outside,convergent
3,REP386a;REP386b;REP386c,11;4;4,6.333333333333333,43;18,30.5,1722644,1722756,ISO16_RS07810,217.0,'3,ISO16_RS07815,,'3,,False,outside,convergent
2,REP2434d;REP2434a,7;6,6.5,25,25.0,1723735,1723793,ISO16_RS07815,29.0,'5,ISO16_RS07820,4.0,'3,16.5,False,outside,codirectional
2,REP2433b;REP2433a,7;16,11.5,10,10.0,1726432,1726505,ISO16_RS07830,16.0,'5,ISO16_RS07835,13.0,'3,14.5,False,outside,codirectional
2,REP387b;REP387c,12;5,8.5,36,36.0,1729257,1729335,ISO16_RS07860,49.0,'3,ISO16_RS07865,,'3,,False,outside,convergent
2,REP2429b;REP2429a,14;11,12.5,7,7.0,1732048,1732117,ISO16_RS07875,84.0,'5,ISO16_RS07880,94.0,'3,89.0,False,outside,codirectional
2,REP2425a;REP2425b,20;3,11.5,-34,-34.0,1748932,1748952,ISO16_RS08010,17.0,'3,ISO16_RS08015,37.0,'3,27.0,True,outside,convergent
2,REP2423d;REP2423b,7;7,7.0,91,91.0,1770163,1770295,ISO16_RS08025,298.0,'5,ISO16_RS28635,182.0,'3,240.0,False,outside,codirectional
2,REP2417b;REP2417a,7;12,9.5,26,26.0,1851437,1851517,ISO16_RS08090,,'3,ISO16_RS08095,12.0,'3,,False,outside,convergent
2,REP2415b;REP2415a,5;14,9.5,67,67.0,1858044,1858157,ISO16_RS08115,47.0,'5,ISO16_RS08120,7.0,'3,27.0,False,outside,codirectional
2,REP2414b;REP392b,5;10,7.5,79,79.0,1860120,1860238,ISO16_RS08125,,'3,ISO16_RS08130,-16.0,'3,,False,outside,convergent
2,REP2413c;REP2413a,9;7,8.0,40,40.0,1864552,1864632,ISO16_RS08145,26.0,'5,ISO16_RS08150,10.0,'3,18.0,False,outside,codirectional
2,REP2410d;REP2410c,9;6,7.5,38,38.0,1874595,1874674,ISO16_RS08195,25.0,'5,ISO16_RS08200,384.0,'3,204.5,False,outside,codirectional
3,REP2409c;REP396a;REP396b,7;6;8,7.0,7;43,25.0,1882055,1882163,ISO16_RS08225,,'3,ISO16_RS08230,12.0,'3,,False,outside,convergent
3,REP2406b;REP2406a;REP399a,6;3;4,4.333333333333333,49;3,26.0,1887506,1887617,ISO16_RS08260,,'3,ISO16_RS08265,91.0,'3,,False,outside,convergent
3,REP2405c;REP400c;REP400d,2;3;7,4.0,74;15,44.5,1891325,1891454,ISO16_RS08275,336.0,'3,ISO16_RS08280,0.0,'3,168.0,False,outside,convergent
2,REP402a;REP402d,23;8,15.5,54,54.0,1903701,1903831,ISO16_RS08335,23.0,'3,ISO16_RS08340,,'3,,False,outside,convergent
2,REP2399b;REP405c,10;4,7.0,9,9.0,1913595,1913641,ISO16_RS08385,65.0,'5,ISO16_RS08390,76.0,'3,70.5,False,outside,codirectional
3,REP2397b;REP406a;REP406b,6;20;4,10.0,75;18,46.5,1918976,1919141,ISO16_RS08405,,'3,ISO16_RS08410,-7.0,'3,,False,outside,convergent
2,REP407a;REP407b,14;13,13.5,1,1.0,1920983,1921047,ISO16_RS08415,6.0,'3,ISO16_RS08420,69.0,'5,37.5,False,outside,codirectional
4,REP2395c;REP409b;REP2395a;REP409d,5;7;15;4,7.75,-1;1;54,18.0,1926574,1926713,ISO16_RS08455,41.0,'3,ISO16_RS08460,,'3,,True,outside,convergent
2,REP2392a;REP411a,6;4,5.0,13,13.0,1949475,1949514,ISO16_RS08560,16.0,'3,ISO16_RS08565,-7.0,'3,4.5,False,outside,convergent
3,REP2390d;REP2390b;REP2390a,4;5;8,5.666666666666667,78;2,40.0,1954331,1954456,ISO16_RS08595,96.0,'5,ISO16_RS08600,39.0,'3,67.5,False,outside,codirectional
4,REP2384d;REP2384c;REP2384b;REP2384a,5;7;19;7,9.5,47;29;11,29.0,1978546,1978727,ISO16_RS08680,121.0,'5,ISO16_RS08685,16.0,'3,68.5,False,outside,codirectional
2,REP2383b;REP2383a,5;6,5.5,5,5.0,1979166,1979200,ISO16_RS08685,36.0,'5,ISO16_RS08690,35.0,'3,35.5,False,outside,codirectional
4,REP415a;REP415b;REP415c;REP415d,17;6;7;7,9.25,-7;59;84,45.333333333333336,1994622,1994846,ISO16_RS08795,5.0,'3,ISO16_RS08800,,'3,,True,outside,convergent
2,REP417a;REP417b,19;6,12.5,-2,-2.0,1998711,1998770,ISO16_RS08825,1.0,'3,ISO16_RS08830,-9.0,'3,-4.0,True,outside,convergent
2,REP2367b;REP2367a,7;9,8.0,2,2.0,2030726,2030774,ISO16_RS09005,9.0,'5,ISO16_RS09010,23.0,'3,16.0,False,outside,codirectional
2,REP2365d;REP2365c,4;5,4.5,44,44.0,2040592,2040666,ISO16_RS09050,25.0,'5,ISO16_RS09055,125.0,'3,75.0,False,outside,codirectional
2,REP2360b;REP2360a,6;13,9.5,16,16.0,2050241,2050307,ISO16_RS09110,146.0,'5,ISO16_RS09115,5.0,'3,75.5,False,outside,codirectional
2,REP2357b;REP2357a,6;6,6.0,22,22.0,2059296,2059355,ISO16_RS09145,58.0,'5,ISO16_RS09150,262.0,'3,160.0,False,outside,codirectional
2,REP436b;REP436c,8;11,9.5,-11,-11.0,2087481,2087519,ISO16_RS09275,251.0,'3,ISO16_RS09280,4.0,'5,127.5,True,outside,codirectional
2,REP437a;REP437b,7;9,8.0,34,34.0,2089336,2089411,ISO16_RS09285,21.0,'3,ISO16_RS09290,,'3,,False,outside,convergent
4,REP2345a;REP440b;REP440c;REP440d,16;6;6;12,10.0,28;15;64,35.666666666666664,2101158,2101374,ISO16_RS09355,19.0,'3,ISO16_RS09360,,'3,,False,outside,convergent
3,REP441a;REP441b;REP2344a,17;7;7,10.333333333333334,13;6,9.5,2101970,2102066,ISO16_RS09365,32.0,'3,ISO16_RS09370,2.0,'3,17.0,False,outside,convergent
2,REP447a;REP447b,15;10,12.5,-2,-2.0,2128831,2128900,ISO16_RS09520,24.0,'3,ISO16_RS09525,169.0,'5,96.5,True,outside,codirectional
3,REP448a;REP448b;REP448d,25;7;5,12.333333333333334,79;28,53.5,2141231,2141424,ISO16_RS09570,6.0,'3,ISO16_RS09575,,'3,,False,outside,convergent
2,REP2332b;REP2332a,13;13,13.0,-9,-9.0,2146269,2146335,ISO16_RS09595,60.0,'5,ISO16_RS09600,24.0,'3,42.0,True,outside,codirectional
2,REP453c;REP453d,6;6,6.0,78,78.0,2160530,2160640,ISO16_RS09655,598.0,'3,ISO16_RS09660,474.0,'3,536.0,False,outside,convergent
2,REP2327d;REP2327a,7;14,10.5,45,45.0,2160990,2161096,ISO16_RS09655,1058.0,'3,ISO16_RS09660,18.0,'3,538.0,False,outside,convergent
3,REP2326c;REP2326b;REP2326a,8;8;12,9.333333333333334,79;20,49.5,2162777,2162960,ISO16_RS09660,37.0,'5,ISO16_RS09665,29.0,'3,33.0,False,outside,codirectional
2,REP2307b;REP2307a,6;9,7.5,28,28.0,2237595,2237661,ISO16_RS10005,67.0,'5,ISO16_RS10010,220.0,'3,143.5,False,outside,codirectional
2,REP2306d;REP2306c,7;7,7.0,64,64.0,2242062,2242161,ISO16_RS10025,35.0,'5,ISO16_RS10030,178.0,'3,106.5,False,outside,codirectional
4,REP2302d;REP2302b;REP2302a;REP467b,5;8;21;6,10.0,57;43;-3,32.333333333333336,2253775,2253970,ISO16_RS10080,,'3,ISO16_RS10085,-1.0,'3,,True,outside,convergent
3,REP470b;REP470c;REP470d,12;8;6,8.666666666666666,15;2,8.5,2263669,2263755,ISO16_RS10115,253.0,'3,ISO16_RS10120,84.0,'5,168.5,False,outside,codirectional
4,REP2297c;REP2297a;REP473c;REP473d,19;5;9;3,9.0,18;-17;96,32.333333333333336,2270278,2270478,ISO16_RS10145,0.0,'3,ISO16_RS10150,,'3,,True,outside,convergent
3,REP482b;REP482c;REP482d,6;6;6,6.0,39;39,39.0,2319836,2319967,ISO16_RS10370,372.0,'3,ISO16_RS10375,1007.0,'5,689.5,False,outside,codirectional
3,REP486a;REP486b;REP486c,6;9;7,7.333333333333333,59;55,57.0,2331615,2331785,ISO16_RS28985,6.0,'3,ISO16_RS10415,2351.0,'5,1178.5,False,outside,codirectional
2,REP2284c;REP2284b,8;4,6.0,-5,-5.0,2343298,2343324,ISO16_RS10450,62.0,'5,ISO16_RS10455,143.0,'3,102.5,True,outside,codirectional
3,REP492a;REP492b;REP492c,8;5;10,7.666666666666667,1;11,6.0,2368905,2368994,ISO16_RS28650,21.0,'3,ISO16_RS10585,29.0,'3,25.0,False,outside,convergent
2,REP494a;REP494b,4;8,6.0,69,69.0,2379298,2379403,ISO16_RS10625,111.0,'3,ISO16_RS10630,73.0,'5,92.0,False,outside,codirectional
2,REP495a;REP495b,16;4,10.0,89,89.0,2382086,2382226,ISO16_RS10635,29.0,'3,ISO16_RS10640,28.0,'5,28.5,False,outside,codirectional
2,REP2276a;REP496b,18;7,12.5,52,52.0,2386712,2386830,ISO16_RS10660,3.0,'3,ISO16_RS10665,,'3,,False,outside,convergent
2,REP2275a;REP498a,4;8,6.0,90,90.0,2396346,2396469,ISO16_RS10705,,'3,ISO16_RS10710,-15.0,'3,,False,outside,convergent
2,REP500a;REP500b,24;13,18.5,48,48.0,2405718,2405851,ISO16_RS10755,53.0,'3,ISO16_RS10760,,'3,,False,outside,convergent
2,REP503b;REP503c,18;13,15.5,-3,-3.0,2426626,2426697,ISO16_RS10825,328.0,'3,ISO16_RS10830,-17.0,'3,155.5,True,outside,convergent
2,REP2268b;REP2268a,4;14,9.0,80,80.0,2435671,2435796,ISO16_RS10855,52.0,'5,ISO16_RS10860,19.0,'3,35.5,False,outside,codirectional
3,REP2267a;REP507b;REP507c,7;5;5,5.666666666666667,11;33,22.0,2442577,2442668,ISO16_RS10885,7.0,'3,ISO16_RS10890,,'3,,False,outside,convergent
2,REP2256b;REP2256a,8;9,8.5,-14,-14.0,2487003,2487042,ISO16_RS11000,108.0,'5,ISO16_RS11005,77.0,'3,92.5,True,outside,codirectional
3,REP2255d;REP2255c;REP2255b,7;7;7,7.0,53;66,59.5,2494211,2494390,ISO16_RS11025,314.0,'3,ISO16_RS11030,208.0,'3,261.0,False,outside,convergent
2,REP2254b;REP2254a,5;4,4.5,24,24.0,2496358,2496408,ISO16_RS11035,,'3,ISO16_RS11040,300.0,'3,,False,outside,convergent
2,REP2242d;REP2242b,5;7,6.0,25,25.0,2533980,2534040,ISO16_RS11255,366.0,'5,ISO16_RS11260,252.0,'3,309.0,False,outside,codirectional
2,REP2241c;REP2241b,7;6,6.5,47,47.0,2539841,2539924,ISO16_RS11265,1.0,'5,ISO16_RS11270,28.0,'3,14.5,False,outside,codirectional
4,REP2236d;REP2236c;REP2236b;REP2236a,6;4;10;7,6.75,63;50;19,44.0,2559127,2559328,ISO16_RS11340,37.0,'5,ISO16_RS11345,62.0,'3,49.5,False,outside,codirectional
2,REP526a;REP526b,10;4,7.0,45,45.0,2572791,2572871,ISO16_RS28680,74.0,'3,ISO16_RS11420,1421.0,'3,747.5,False,outside,convergent
2,REP526c;REP526d,6;9,7.5,24,24.0,2573124,2573191,ISO16_RS28680,407.0,'3,ISO16_RS11420,1101.0,'3,754.0,False,outside,convergent
2,REP2233d;REP2233c,7;5,6.0,16,16.0,2573396,2573444,ISO16_RS28680,679.0,'3,ISO16_RS11420,848.0,'3,763.5,False,outside,convergent
4,REP2231d;REP2231c;REP2231b;REP2231a,4;8;4;8,6.0,14;46;23,27.666666666666668,2575646,2575811,ISO16_RS29070,510.0,'5,ISO16_RS11440,129.0,'3,319.5,False,outside,codirectional
4,REP2226d;REP2226c;REP2226b;REP2226a,14;14;6;7,10.25,-16;-15;-7,-12.666666666666666,2584247,2584332,ISO16_RS11475,17.0,'5,ISO16_RS11480,11.0,'3,14.0,True,outside,codirectional
2,REP2223b;REP2223a,4;10,7.0,48,48.0,2601447,2601537,ISO16_RS11550,71.0,'5,ISO16_RS11555,132.0,'3,101.5,False,outside,codirectional
2,REP2220c;REP2220b,4;8,6.0,68,68.0,2608096,2608199,ISO16_RS11585,74.0,'5,ISO16_RS11590,47.0,'3,60.5,False,outside,codirectional
3,REP2219b;REP535a;REP535b,7;6;8,7.0,66;-6,30.0,2622673,2622790,ISO16_RS11655,,'3,ISO16_RS11660,-15.0,'3,,True,outside,convergent
2,REP2210d;REP544b,8;7,7.5,86,86.0,2654459,2654582,ISO16_RS11805,,'3,ISO16_RS28695,68.0,'5,,False,outside,codirectional
3,REP2206d;REP2206c;REP2206b,6;9;10,8.333333333333334,81;46,63.5,2678867,2679055,ISO16_RS11910,,'3,ISO16_RS11915,72.0,'3,,False,outside,convergent
3,REP550a;REP550b;REP550d,17;13;6,12.0,-4;-15,-9.5,2681419,2681492,ISO16_RS11920,81.0,'3,ISO16_RS11925,126.0,'5,103.5,True,outside,codirectional
4,REP2204a;REP556b;REP556c;REP556d,20;11;3;5,9.75,14;64;16,31.33333333333333,2691244,2691447,ISO16_RS11965,13.0,'3,ISO16_RS11970,,'3,,False,outside,convergent
3,REP2197d;REP559b;REP2197b,18;4;5,9.0,29;38,33.5,2717458,2717590,ISO16_RS12085,11.0,'3,ISO16_RS12090,121.0,'3,66.0,False,outside,convergent
2,REP2196a;REP560b,19;7,13.0,20,20.0,2720277,2720358,ISO16_RS12095,136.0,'3,ISO16_RS12100,,'3,,False,outside,convergent
5,REP563a;REP2194d;REP563b;REP563c;REP2194b,5;5;6;6;3,5.0,-1;6;-1;27,7.75,2730298,2730411,ISO16_RS12150,116.0,'3,ISO16_RS12155,188.0,'3,152.0,True,outside,convergent
3,REP2193c;REP2193b;REP2193a,7;5;6,6.0,9;-6,1.5,2743208,2743258,ISO16_RS12205,151.0,'5,ISO16_RS12210,53.0,'3,102.0,True,outside,codirectional
3,REP564a;REP564b;REP564c,4;9;4,5.666666666666667,-3;88,42.5,2744686,2744820,ISO16_RS12215,142.0,'3,ISO16_RS12225,120.0,'5,131.0,True,outside,codirectional
2,REP2191a;REP565b,9;9,9.0,16,16.0,2746123,2746191,ISO16_RS12225,55.0,'3,ISO16_RS12230,,'3,,False,outside,convergent
3,REP2190d;REP2190b;REP2190a,4;9;15,9.333333333333334,33;2,17.5,2753354,2753474,ISO16_RS12255,862.0,'5,ISO16_RS12260,40.0,'3,451.0,False,outside,codirectional
2,REP574a;REP574b,8;7,7.5,-13,-13.0,2778138,2778165,ISO16_RS12400,75.0,'3,ISO16_RS12405,60.0,'5,67.5,True,outside,codirectional
4,REP2177d;REP2177c;REP2177b;REP2177a,6;7;9;7,7.25,46;1;24,23.666666666666668,2782615,2782766,ISO16_RS12420,63.0,'5,ISO16_RS12425,32.0,'3,47.5,False,outside,codirectional
2,REP2175c;REP2175b,8;8,8.0,-8,-8.0,2791718,2791751,ISO16_RS12455,40.0,'3,ISO16_RS12460,170.0,'3,105.0,True,outside,convergent
4,REP2174d;REP2174b;REP2174c;REP2174a,9;18;8;5,10.0,79;-47;36,22.666666666666668,2794315,2794489,ISO16_RS12460,18.0,'5,ISO16_RS12465,51.0,'3,34.5,True,outside,codirectional
3,REP583a;REP583b;REP583d,19;8;5,10.666666666666666,4;81,42.5,2812910,2813078,ISO16_RS12545,8.0,'3,ISO16_RS12550,,'3,,False,outside,convergent
3,REP2168b;REP2168a;REP586b,5;21;6,10.666666666666666,85;2,43.5,2823790,2823960,ISO16_RS12590,,'3,ISO16_RS12595,6.0,'3,,False,outside,convergent
2,REP587a;REP587b,23;4,13.5,-6,-6.0,2827583,2827645,ISO16_RS12615,29.0,'3,ISO16_RS12620,59.0,'5,44.0,True,outside,codirectional
4,REP2167d;REP2167c;REP2167b;REP588a,2;7;10;20,9.75,8;-10;49,15.666666666666666,2828089,2828242,ISO16_RS12620,,'3,ISO16_RS12625,12.0,'3,,True,outside,convergent
2,REP2165b;REP2165a,7;8,7.5,64,64.0,2840780,2840884,ISO16_RS12665,9.0,'5,ISO16_RS12670,4.0,'3,6.5,False,outside,codirectional
3,REP2164c;REP2164b;REP2164a,5;5;5,5.0,15;15,15.0,2841576,2841647,ISO16_RS12670,43.0,'5,ISO16_RS12675,44.0,'3,43.5,False,outside,codirectional
2,REP591a;REP591b,5;6,5.5,1,1.0,2851014,2851046,ISO16_RS12700,57.0,'3,ISO16_RS12705,24.0,'5,40.5,False,outside,codirectional
2,REP2159b;REP2159a,7;4,5.5,31,31.0,2862851,2862914,ISO16_RS12755,24.0,'5,ISO16_RS12760,18.0,'3,21.0,False,outside,codirectional
2,REP597b;REP2156b,7;5,6.0,9,9.0,2866360,2866407,ISO16_RS28700,18.0,'5,ISO16_RS12775,122.0,'3,70.0,False,outside,codirectional
2,REP598a;REP598b,7;9,8.0,39,39.0,2868116,2868203,ISO16_RS12780,81.0,'3,ISO16_RS12785,458.0,'3,269.5,False,outside,convergent
3,REP598c;REP598d;REP2155a,4;10;6,6.666666666666667,42;12,27.0,2868460,2868577,ISO16_RS12780,425.0,'3,ISO16_RS12785,84.0,'3,254.5,False,outside,convergent
2,REP2153c;REP2153b,8;7,7.5,-1,-1.0,2870038,2870085,ISO16_RS12790,249.0,'5,ISO16_RS12795,149.0,'3,199.0,True,outside,codirectional
2,REP2151a;REP601b,5;4,4.5,-5,-5.0,2876983,2877009,ISO16_RS29000,98.0,'3,ISO16_RS12830,17.0,'3,57.5,True,outside,convergent
3,REP604a;REP604b;REP604d,6;24;10,13.333333333333334,-5;-21,-13.0,2889651,2889716,ISO16_RS12895,14.0,'3,ISO16_RS12900,8.0,'3,11.0,True,outside,convergent
3,REP2146c;REP2146b;REP2146a,12;13;4,9.666666666666666,-7;80,36.5,2893423,2893584,ISO16_RS12910,-34.0,'3,ISO16_RS12915,54.0,'3,10.0,True,outside,convergent
2,REP2145c;REP2145b,7;7,7.0,-2,-2.0,2895767,2895803,ISO16_RS12920,393.0,'5,ISO16_RS12925,137.0,'3,265.0,True,outside,codirectional
2,REP2144b;REP2144a,7;5,6.0,52,52.0,2907041,2907124,ISO16_RS12975,22.0,'5,ISO16_RS12980,38.0,'3,30.0,False,outside,codirectional
3,REP2142a;REP608b;REP608d,5;5;6,5.333333333333333,18;71,44.5,2912211,2912353,ISO16_RS13015,81.0,'3,ISO16_RS13020,,'3,,False,outside,convergent
2,REP610a;REP610b,7;10,8.5,-8,-8.0,2916695,2916737,ISO16_RS13035,2.0,'3,ISO16_RS13040,60.0,'5,31.0,True,outside,codirectional
2,REP614b;REP614c,4;3,3.5,18,18.0,2933726,2933767,ISO16_RS13115,5.0,'5,ISO16_RS13120,55.0,'5,30.0,False,outside,divergent
3,REP618b;REP618c;REP2128,10;4;7,7.0,27;37,32.0,2946965,2947089,ISO16_RS13185,,'5,ISO16_RS13190,43.0,'3,,False,outside,codirectional
2,REP622b;REP622c,10;7,8.5,51,51.0,2954116,2954211,ISO16_RS13220,52.0,'3,ISO16_RS13225,89.0,'5,70.5,False,outside,codirectional
2,REP627a;REP627c,24;6,15.0,56,56.0,2973471,2973592,ISO16_RS13310,58.0,'3,ISO16_RS13315,,'3,,False,outside,convergent
4,REP2120d;REP2120c;REP2120b;REP628d,4;7;7;3,5.25,16;22;-4,11.333333333333334,2975825,2975924,ISO16_RS13320,359.0,'3,ISO16_RS13325,112.0,'3,235.5,True,outside,convergent
2,REP629a;REP629b,17;12,14.5,4,4.0,2977673,2977746,ISO16_RS13330,33.0,'3,ISO16_RS13335,-2.0,'3,15.5,False,outside,convergent
2,REP633a;REP633b,8;5,6.5,41,41.0,2993091,2993170,ISO16_RS13400,7.0,'3,ISO16_RS13405,73.0,'5,40.0,False,outside,codirectional
4,REP2110c;REP2110b;REP637d;REP2110a,3;7;7;5,5.5,63;-18;97,47.333333333333336,3012034,3012240,ISO16_RS13485,243.0,'3,ISO16_RS13490,244.0,'3,243.5,True,outside,convergent
4,REP639a;REP2104c;REP2104b;REP2104a,16;4;14;13,11.75,77;-11;38,34.666666666666664,3022027,3022243,ISO16_RS13530,48.0,'3,ISO16_RS13535,5.0,'3,26.5,True,outside,convergent
3,REP2103b;REP641c;REP641d,13;9;7,9.666666666666666,83;33,58.0,3028996,3029191,ISO16_RS13560,45.0,'3,ISO16_RS13565,,'3,,False,outside,convergent
6,REP644a;REP644b;REP2101d;REP644d;REP2101b;REP2101a,19;6;4;4;4;20,9.5,83;30;37;72;13,47.0,3040222,3040602,ISO16_RS13605,14.0,'3,ISO16_RS13610,28.0,'3,21.0,False,outside,convergent
3,REP2091d;REP2091c;REP649c,9;6;26,13.666666666666666,53;59,56.0,3079473,3079679,ISO16_RS13795,83.0,'3,ISO16_RS13800,47.0,'3,65.0,False,outside,convergent
2,REP653b;REP653d,7;7,7.0,71,71.0,3100492,3100601,ISO16_RS28715,247.0,'3,ISO16_RS13895,92.0,'3,169.5,False,outside,convergent
2,REP654b;REP654c,9;6,7.5,90,90.0,3102493,3102625,ISO16_RS13905,74.0,'3,ISO16_RS13910,,'3,,False,outside,convergent
3,REP2082c;REP2082b;REP2082a,14;8;6,9.333333333333334,13;-3,5.0,3116393,3116489,ISO16_RS13985,180.0,'3,ISO16_RS13990,183.0,'3,181.5,True,outside,convergent
2,REP2081b;REP2081a,6;6,6.0,48,48.0,3117341,3117420,ISO16_RS13990,237.0,'5,ISO16_RS13995,209.0,'3,223.0,False,outside,codirectional
3,REP2079c;REP2079b;REP2079a,6;8;16,10.0,1;-2,-0.5,3126869,3126940,ISO16_RS14015,47.0,'5,ISO16_RS14020,10.0,'3,28.5,True,outside,codirectional
3,REP2078d;REP2078b;REP663a,7;7;24,12.666666666666666,73;41,57.0,3127744,3127951,ISO16_RS14025,,'3,ISO16_RS14030,14.0,'3,,False,outside,convergent
2,REP2067b;REP2067a,5;14,9.5,17,17.0,3178509,3178576,ISO16_RS14265,194.0,'5,ISO16_RS14270,13.0,'3,103.5,False,outside,codirectional
2,REP2059b;REP2059a,6;6,6.0,7,7.0,3217451,3217493,ISO16_RS14430,130.0,'5,ISO16_RS14435,16.0,'3,73.0,False,outside,codirectional
2,REP2057a;REP681a,8;7,7.5,-2,-2.0,3219997,3220035,ISO16_RS14445,-11.0,'3,ISO16_RS14450,1.0,'3,-5.0,True,outside,convergent
2,REP682a;REP682b,17;7,12.0,25,25.0,3222651,3222734,ISO16_RS14460,59.0,'3,ISO16_RS14465,18.0,'5,38.5,False,outside,codirectional
3,REP2056d;REP2056c;REP2056a,6;14;8,9.333333333333334,45;55,50.0,3223017,3223201,ISO16_RS14465,,'3,ISO16_RS14470,11.0,'3,,False,outside,convergent
2,REP2054b;REP2054a,7;12,9.5,29,29.0,3229661,3229752,ISO16_RS14495,33.0,'5,ISO16_RS14500,29.0,'3,31.0,False,outside,codirectional
2,REP686a;REP686b,4;8,6.0,76,76.0,3234053,3234166,ISO16_RS14520,103.0,'3,ISO16_RS14525,81.0,'5,92.0,False,outside,codirectional
2,REP687b;REP687c,7;4,5.5,40,40.0,3237858,3237927,ISO16_RS14540,492.0,'3,ISO16_RS28935,347.0,'5,419.5,False,outside,codirectional
3,REP689a;REP689b;REP689c,20;6;4,10.0,63;74,68.5,3240013,3240222,ISO16_RS14555,25.0,'3,ISO16_RS14560,,'3,,False,outside,convergent
2,REP692a;REP692c,14;4,9.0,56,56.0,3251667,3251766,ISO16_RS14615,92.0,'3,ISO16_RS14625,81.0,'5,86.5,False,outside,codirectional
2,REP693b;REP2048,3;2,2.5,69,69.0,3253503,3253596,ISO16_RS14630,,'5,ISO16_RS14635,50.0,'3,,False,outside,codirectional
2,REP2047a;REP694c,21;7,14.0,82,82.0,3254748,3254903,ISO16_RS14640,9.0,'3,ISO16_RS14645,,'3,,False,outside,convergent
3,REP2046b;REP695a;REP695b,8;18;6,10.666666666666666,25;1,13.0,3262220,3262320,ISO16_RS14680,,'3,ISO16_RS14685,-9.0,'3,,False,outside,convergent
2,REP2043d;REP2043a,20;4,12.0,22,22.0,3275600,3275679,ISO16_RS14760,63.0,'5,ISO16_RS14765,121.0,'3,92.0,False,outside,codirectional
2,REP2041b;REP2041a,6;19,12.5,51,51.0,3278177,3278288,ISO16_RS14775,48.0,'5,ISO16_RS14780,15.0,'3,31.5,False,outside,codirectional
2,REP2037b;REP2037a,6;19,12.5,22,22.0,3292193,3292283,ISO16_RS14845,,'3,ISO16_RS14850,11.0,'3,,False,outside,convergent
3,REP2036c;REP2036b;REP2036a,4;6;15,8.333333333333334,77;7,42.0,3305491,3305643,ISO16_RS14895,,'3,ISO16_RS14900,18.0,'3,,False,outside,convergent
3,REP704a;REP704b;REP2035d,7;9;6,7.333333333333333,3;85,44.0,3309297,3309440,ISO16_RS14915,19.0,'3,ISO16_RS14920,,'5,,False,outside,codirectional
2,REP706a;REP706b,19;7,13.0,11,11.0,3312430,3312510,ISO16_RS14930,5.0,'3,ISO16_RS14935,3.0,'3,4.0,False,outside,convergent
3,REP2028d;REP2028b;REP2028a,5;5;18,9.333333333333334,54;54,54.0,3324242,3324417,ISO16_RS14990,,'3,ISO16_RS14995,6.0,'3,,False,outside,convergent
3,REP2027c;REP2027b;REP2027a,5;9;20,11.333333333333334,22;22,22.0,3329193,3329319,ISO16_RS15015,,'3,ISO16_RS15020,15.0,'3,,False,outside,convergent
3,REP710a;REP710b;REP710d,7;6;11,8.0,-7;19,6.0,3331102,3331184,ISO16_RS15025,18.0,'3,ISO16_RS15030,88.0,'5,53.0,True,outside,codirectional
3,REP711a;REP711b;REP711d,7;15;5,9.0,8;97,52.5,3332021,3332198,ISO16_RS15030,8.0,'3,ISO16_RS15035,95.0,'5,51.5,False,outside,codirectional
2,REP712a;REP712b,6;15,10.5,-9,-9.0,3333449,3333494,ISO16_RS15035,34.0,'3,ISO16_RS15040,30.0,'5,32.0,True,outside,codirectional
2,REP713a;REP713c,7;8,7.5,81,81.0,3337553,3337673,ISO16_RS15055,323.0,'3,ISO16_RS15065,300.0,'5,311.5,False,outside,codirectional
2,REP2022b;REP2022a,5;2,3.5,48,48.0,3360737,3360810,ISO16_RS15165,100.0,'5,ISO16_RS15170,83.0,'3,91.5,False,outside,codirectional
2,REP717a;REP717b,17;22,19.5,18,18.0,3381834,3381935,ISO16_RS15260,14.0,'3,ISO16_RS15265,12.0,'3,13.0,False,outside,convergent
2,REP2018b;REP2018a,7;8,7.5,-12,-12.0,3392321,3392352,ISO16_RS15315,30.0,'5,ISO16_RS15320,3.0,'3,16.5,True,outside,codirectional
3,REP2014c;REP2014b;REP2014a,3;5;13,7.0,53;71,62.0,3400137,3400318,ISO16_RS15360,,'3,ISO16_RS15365,41.0,'3,,False,outside,convergent
3,REP722b;REP722c;REP722d,12;4;6,7.333333333333333,62;85,73.5,3400456,3400672,ISO16_RS15360,175.0,'3,ISO16_RS15370,69.0,'3,122.0,False,outside,convergent
6,REP724c;REP724d;REP2009d;REP2009c;REP2009b;REP2009a,11;4;6;10;11;10,8.666666666666666,-6;92;20;10;-11,21.0,3421413,3421659,ISO16_RS15465,141.0,'3,ISO16_RS15475,5.0,'3,73.0,True,outside,convergent
4,REP2003d;REP2003c;REP2003a;REP730b,7;4;20;6,9.25,15;95;-3,35.666666666666664,3447909,3448109,ISO16_RS15595,,'3,ISO16_RS15600,-1.0,'3,,True,outside,convergent
4,REP2002c;REP2002b;REP731c;REP731d,13;6;12;6,9.25,16;95;20,43.66666666666666,3451518,3451744,ISO16_RS15610,16.0,'3,ISO16_RS15615,,'3,,False,outside,convergent
2,REP2000b;REP2000a,2;18,10.0,47,47.0,3460746,3460845,ISO16_RS15645,,'3,ISO16_RS15655,857.0,'3,,False,outside,convergent
2,REP733b;REP1998c,8;4,6.0,17,17.0,3471571,3471620,ISO16_RS15690,29.0,'3,ISO16_RS15695,72.0,'3,50.5,False,outside,convergent
2,REP737a;REP737b,9;9,9.0,63,63.0,3483688,3483797,ISO16_RS15775,26.0,'3,ISO16_RS15780,91.0,'5,58.5,False,outside,codirectional
2,REP741a;REP741c,15;7,11.0,43,43.0,3493899,3494000,ISO16_RS15820,8.0,'3,ISO16_RS15825,75.0,'5,41.5,False,outside,codirectional
2,REP1992b;REP1992a,7;10,8.5,-13,-13.0,3504056,3504091,ISO16_RS15860,13.0,'5,ISO16_RS15865,30.0,'3,21.5,True,outside,codirectional
2,REP745a;REP745c,5;6,5.5,77,77.0,3506260,3506364,ISO16_RS15880,321.0,'3,ISO16_RS15885,13.0,'5,167.0,False,outside,codirectional
2,REP1990b;REP1990a,7;10,8.5,41,41.0,3509455,3509536,ISO16_RS15895,,'3,ISO16_RS15900,10.0,'3,,False,outside,convergent
2,REP1985a;REP752a,8;5,6.5,52,52.0,3532247,3532341,ISO16_RS16000,,'3,ISO16_RS16005,12.0,'3,,False,outside,convergent
2,REP1981c;REP1981a,4;18,11.0,50,50.0,3546332,3546434,ISO16_RS16075,71.0,'5,ISO16_RS16080,8.0,'3,39.5,False,outside,codirectional
2,REP1980b;REP1980a,20;9,14.5,-25,-25.0,3547777,3547827,ISO16_RS16080,33.0,'5,ISO16_RS16085,18.0,'3,25.5,True,outside,codirectional
2,REP1973b;REP1973a,2;16,9.0,-1,-1.0,3584086,3584137,ISO16_RS16230,310.0,'5,ISO16_RS16235,37.0,'3,173.5,True,outside,codirectional
3,REP1972d;REP767a;REP1972a,5;6;7,6.0,88;28,58.0,3587671,3587843,ISO16_RS16255,-4.0,'3,ISO16_RS28730,60.0,'3,28.0,False,outside,convergent
2,REP1971c;REP1971a,6;6,6.0,40,40.0,3588779,3588850,ISO16_RS28730,654.0,'5,ISO16_RS16265,62.0,'3,358.0,False,outside,codirectional
2,REP769a;REP769c,20;5,12.5,60,60.0,3601565,3601689,ISO16_RS16310,30.0,'3,ISO16_RS16315,127.0,'5,78.5,False,outside,codirectional
2,REP773a;REP773b,14;6,10.0,33,33.0,3621126,3621207,ISO16_RS16395,13.0,'3,ISO16_RS16400,77.0,'5,45.0,False,outside,codirectional
2,REP776a;REP776b,3;4,3.5,40,40.0,3638484,3638548,ISO16_RS16475,23.0,'3,ISO16_RS16480,82.0,'5,52.5,False,outside,codirectional
3,REP1961c;REP1961b;REP1961a,3;6;17,8.666666666666666,45;7,26.0,3653937,3654056,ISO16_RS16530,343.0,'5,ISO16_RS16535,10.0,'3,176.5,False,outside,codirectional
3,REP781a;REP781b;REP781c,7;12;14,11.0,0;-28,-14.0,3658617,3658677,ISO16_RS16570,6.0,'3,ISO16_RS16575,33.0,'3,19.5,True,outside,convergent
2,REP1959b;REP1959a,7;11,9.0,93,93.0,3662992,3663131,ISO16_RS16580,166.0,'5,ISO16_RS16585,29.0,'3,97.5,False,outside,codirectional
4,REP1958d;REP1958c;REP1958b;REP1958a,7;7;10;24,12.0,74;9;31,38.0,3667494,3667742,ISO16_RS16610,,'3,ISO16_RS16615,20.0,'3,,False,outside,convergent
3,REP1950c;REP1950b;REP1950a,6;20;7,11.0,-13;-9,-11.0,3698340,3698408,ISO16_RS16785,-1.0,'3,ISO16_RS16790,5.0,'3,2.0,True,outside,convergent
2,REP790a;REP790b,23;6,14.5,7,7.0,3702675,3702767,ISO16_RS16805,23.0,'3,ISO16_RS16810,78.0,'5,50.5,False,outside,codirectional
2,REP1946c;REP1946a,4;4,4.0,90,90.0,3713461,3713574,ISO16_RS16840,41.0,'5,ISO16_RS16845,17.0,'3,29.0,False,outside,codirectional
2,REP1943b;REP793a,3;9,6.0,51,51.0,3724526,3724621,ISO16_RS16880,,'3,ISO16_RS16885,73.0,'3,,False,outside,convergent
2,REP796b;REP796c,6;4,5.0,38,38.0,3749005,3749070,ISO16_RS16970,149.0,'3,ISO16_RS16975,441.0,'5,295.0,False,outside,codirectional
2,REP1937a;REP798a,6;4,5.0,-5,-5.0,3753069,3753095,ISO16_RS16985,107.0,'3,ISO16_RS16990,44.0,'3,75.5,True,outside,convergent
3,REP799a;REP1935d;REP799b,6;4;8,6.0,62;-6,28.0,3755208,3755311,ISO16_RS17005,144.0,'3,ISO16_RS17010,501.0,'3,322.5,True,outside,convergent
2,REP799c;REP1935a,10;10,10.0,68,68.0,3755544,3755668,ISO16_RS17005,480.0,'3,ISO16_RS17010,144.0,'3,312.0,False,outside,convergent
2,REP800c;REP800d,3;6,4.5,30,30.0,3762908,3762966,ISO16_RS17040,,'5,ISO16_RS17045,64.0,'3,,False,outside,codirectional
2,REP1930b;REP1930a,17;5,11.0,28,28.0,3770759,3770838,ISO16_RS17085,6.0,'5,ISO16_RS17090,41.0,'3,23.5,False,outside,codirectional
2,REP1925c;REP1925b,4;9,6.5,19,19.0,3788579,3788646,ISO16_RS17160,,'3,ISO16_RS17165,62.0,'3,,False,outside,convergent
2,REP1920c;REP1920b,6;7,6.5,-6,-6.0,3820815,3820850,ISO16_RS17275,754.0,'5,ISO16_RS17280,50.0,'3,402.0,True,outside,codirectional
3,REP815a;REP815b;REP815c,11;3;4,6.0,63;70,66.5,3826550,3826731,ISO16_RS17310,21.0,'3,ISO16_RS17315,333.0,'5,177.0,False,outside,codirectional
2,REP817b;REP817c,10;7,8.5,-4,-4.0,3833087,3833130,ISO16_RS17340,36.0,'3,ISO16_RS17345,87.0,'5,61.5,True,outside,codirectional
2,REP818a;REP818b,7;4,5.5,19,19.0,3835408,3835459,ISO16_RS17345,157.0,'3,ISO16_RS17350,130.0,'5,143.5,False,outside,codirectional
3,REP821b;REP1918b;REP1918a,7;7;15,9.666666666666666,66;53,59.5,3846032,3846224,ISO16_RS17385,224.0,'3,ISO16_RS17400,12.0,'3,118.0,False,outside,convergent
2,REP831a;REP831b,18;8,13.0,-5,-5.0,3885999,3886060,ISO16_RS17580,23.0,'3,ISO16_RS17585,22.0,'5,22.5,True,outside,codirectional
3,REP1904b;REP834c;REP834d,5;6;14,8.333333333333334,40;-15,12.5,3891683,3891773,ISO16_RS17620,38.0,'5,ISO16_RS17625,20.0,'3,29.0,True,outside,codirectional
2,REP1901b;REP1901a,4;9,6.5,18,18.0,3902440,3902499,ISO16_RS17655,20.0,'5,ISO16_RS17660,15.0,'3,17.5,False,outside,codirectional
2,REP1895b;REP1895a,5;15,10.0,75,75.0,3925446,3925578,ISO16_RS17735,470.0,'5,ISO16_RS17740,31.0,'3,250.5,False,outside,codirectional
3,REP1891c;REP1891b;REP1891a,5;18;8,10.333333333333334,85;63,74.0,3941491,3941718,ISO16_RS28950,342.0,'5,ISO16_RS17815,-1.0,'3,170.5,False,outside,codirectional
4,REP845a;REP845b;REP845c;REP845d,17;7;7;6,9.25,57;66;20,47.66666666666666,3965574,3965818,ISO16_RS28740,13.0,'3,ISO16_RS17940,308.0,'5,160.5,False,outside,codirectional
2,REP846b;REP846c,2;6,4.0,18,18.0,3966871,3966918,ISO16_RS17945,80.0,'3,ISO16_RS17950,391.0,'5,235.5,False,outside,codirectional
2,REP1879b;REP1879a,10;5,7.5,25,25.0,3973509,3973587,ISO16_RS17970,83.0,'5,ISO16_RS17975,19.0,'3,51.0,False,outside,codirectional
3,REP1877d;REP1877c;REP851b,6;4;7,5.666666666666667,-7;6,-0.5,3979693,3979739,ISO16_RS18005,212.0,'3,ISO16_RS28745,66.0,'5,139.0,True,outside,codirectional
2,REP853c;REP1876b,5;13,9.0,18,18.0,3984718,3984790,ISO16_RS18030,346.0,'3,ISO16_RS28750,157.0,'3,251.5,False,outside,convergent
4,REP1875d;REP1875c;REP854a;REP854b,4;6;10;12,8.0,37;-8;80,36.333333333333336,3985959,3986165,ISO16_RS18045,,'3,ISO16_RS18050,-5.0,'3,,True,outside,convergent
2,REP858a;REP858b,7;5,6.0,-12,-12.0,3996359,3996382,ISO16_RS29095,46.0,'3,ISO16_RS18095,8.0,'5,27.0,True,outside,codirectional
2,REP1862b;REP1862a,8;17,12.5,24,24.0,4019122,4019212,ISO16_RS18200,78.0,'5,ISO16_RS18205,13.0,'3,45.5,False,outside,codirectional
3,REP1860d;REP1860c;REP1860b,9;6;7,7.333333333333333,5;38,21.5,4026723,4026828,ISO16_RS18245,,'3,ISO16_RS18250,68.0,'3,,False,outside,convergent
2,REP1851c;REP1851a,8;6,7.0,13,13.0,4057174,4057236,ISO16_RS18420,234.0,'5,ISO16_RS18425,54.0,'3,144.0,False,outside,codirectional
2,REP878b;REP878c,14;8,11.0,-18,-18.0,4073889,4073927,ISO16_RS18500,39.0,'5,ISO16_RS18505,51.0,'5,45.0,True,outside,divergent
4,REP1842d;REP1842c;REP1842b;REP883b,7;8;5;7,6.75,19;36;92,49.0,4086319,4086555,ISO16_RS18565,,'3,ISO16_RS18570,120.0,'3,,False,outside,convergent
4,REP885a;REP1841d;REP885c;REP885d,9;5;4;4,5.5,-1;74;52,41.66666666666666,4090664,4090847,ISO16_RS18580,8.0,'3,ISO16_RS18585,128.0,'3,68.0,True,outside,convergent
2,REP886a;REP886b,10;9,9.5,22,22.0,4096545,4096613,ISO16_RS18600,92.0,'3,ISO16_RS18605,196.0,'5,144.0,False,outside,codirectional
3,REP1838d;REP1838c;REP1838a,4;9;19,10.666666666666666,65;71,68.0,4105446,4105677,ISO16_RS18635,,'3,ISO16_RS18640,27.0,'3,,False,outside,convergent
2,REP1835b;REP893a,7;12,9.5,54,54.0,4116249,4116350,ISO16_RS18680,,'3,ISO16_RS18685,16.0,'3,,False,outside,convergent
2,REP1834b;REP1834a,8;3,5.5,38,38.0,4117556,4117637,ISO16_RS18685,122.0,'5,ISO16_RS18690,83.0,'3,102.5,False,outside,codirectional
2,REP1827b;REP903a,5;5,5.0,63,63.0,4163729,4163821,ISO16_RS18845,,'3,ISO16_RS18850,41.0,'3,,False,outside,convergent
2,REP1823b;REP1823a,5;23,14.0,8,8.0,4176593,4176667,ISO16_RS18900,56.0,'5,ISO16_RS18905,14.0,'3,35.0,False,outside,codirectional
3,REP908a;REP908b;REP1822a,8;5;14,9.0,23;-7,8.0,4182865,4182949,ISO16_RS18930,174.0,'3,ISO16_RS18935,31.0,'3,102.5,True,outside,convergent
2,REP909a;REP909c,15;4,9.5,26,26.0,4184658,4184733,ISO16_RS18940,106.0,'3,ISO16_RS18950,93.0,'5,99.5,False,outside,codirectional
3,REP912b;REP1819b;REP912c,5;4;13,7.333333333333333,-9;12,1.5,4191187,4191249,ISO16_RS18970,292.0,'3,ISO16_RS18985,41.0,'3,166.5,True,outside,convergent
2,REP1818d;REP1818c,7;7,7.0,34,34.0,4201529,4201601,ISO16_RS19005,6045.0,'5,ISO16_RS19025,15.0,'5,3030.0,False,outside,divergent
3,REP1816b;REP915b;REP915c,16;3;4,7.666666666666667,0;14,7.0,4207811,4207887,ISO16_RS19055,139.0,'3,ISO16_RS19065,-10.0,'3,64.5,False,outside,convergent
2,REP1814d;REP1814a,3;9,6.0,78,78.0,4233039,4233153,ISO16_RS19105,1144.0,'5,ISO16_RS19110,21.0,'3,582.5,False,outside,codirectional
2,REP1811c;REP1811a,18;7,12.5,-20,-20.0,4242073,4242115,ISO16_RS19140,-30.0,'3,ISO16_RS19145,1.0,'3,-14.5,True,outside,convergent
4,REP923a;REP923b;REP1809a;REP923d,6;9;6;4,6.25,-14;-4;21,1.0,4250732,4250805,ISO16_RS19175,21.0,'3,ISO16_RS19180,,'3,,True,outside,convergent
2,REP926a;REP926b,18;6,12.0,52,52.0,4266030,4266138,ISO16_RS19260,45.0,'5,ISO16_RS19275,285.0,'5,165.0,False,outside,divergent
2,REP1801d;REP1801c,7;6,6.5,84,84.0,4268417,4268541,ISO16_RS19280,355.0,'5,ISO16_RS19290,430.0,'3,392.5,False,outside,codirectional
2,REP930a;REP930b,8;7,7.5,49,49.0,4271851,4271946,ISO16_RS19305,73.0,'3,ISO16_RS19310,39.0,'5,56.0,False,outside,codirectional
2,REP933c;REP933d,5;7,6.0,57,57.0,4275490,4275581,ISO16_RS19325,583.0,'3,ISO16_RS19330,123.0,'5,353.0,False,outside,codirectional
3,REP935c;REP935b;REP935d,12;2;4,6.0,-35;19,-8.0,4281240,4281284,ISO16_RS19340,292.0,'3,ISO16_RS19345,666.0,'3,479.0,True,outside,convergent
2,REP1796d;REP1796c,10;9,9.5,14,14.0,4283985,4284059,ISO16_RS19350,185.0,'5,ISO16_RS19355,189.0,'3,187.0,False,outside,codirectional
2,REP1789a;REP941d,12;9,10.5,-4,-4.0,4307440,4307496,ISO16_RS19455,201.0,'3,ISO16_RS19460,18.0,'3,109.5,True,outside,convergent
2,REP1787c;REP1787a,6;6,6.0,66,66.0,4313881,4313980,ISO16_RS19490,47.0,'5,ISO16_RS19495,39.0,'3,43.0,False,outside,codirectional
2,REP943a;REP943b,27;7,17.0,55,55.0,4319715,4319853,ISO16_RS19510,22.0,'3,ISO16_RS19515,57.0,'5,39.5,False,outside,codirectional
2,REP947a;REP947b,14;3,8.5,31,31.0,4335197,4335276,ISO16_RS19580,5.0,'3,ISO16_RS19585,,'3,,False,outside,convergent
2,REP949a;REP949b,7;4,5.5,7,7.0,4344729,4344767,ISO16_RS19625,21.0,'3,ISO16_RS19630,214.0,'5,117.5,False,outside,codirectional
2,REP950a;REP950c,6;4,5.0,92,92.0,4347166,4347285,ISO16_RS19635,20.0,'3,ISO16_RS19640,,'3,,False,outside,convergent
3,REP1780a;REP952b;REP1779,13;9;10,10.666666666666666,92;59,75.5,4349595,4349825,ISO16_RS19655,5.0,'3,ISO16_RS19665,163.0,'3,84.0,False,outside,convergent
2,REP953b;REP953c,6;5,5.5,96,96.0,4351226,4351352,ISO16_RS19670,32.0,'3,ISO16_RS19675,774.0,'5,403.0,False,outside,codirectional
2,REP955a;REP955b,7;14,10.5,4,4.0,4355907,4355966,ISO16_RS19685,28.0,'3,ISO16_RS19690,87.0,'5,57.5,False,outside,codirectional
2,REP1778b;REP956a,8;18,13.0,13,13.0,4361242,4361317,ISO16_RS19715,-16.0,'3,ISO16_RS19720,25.0,'3,4.5,False,outside,convergent
2,REP1776b;REP1776a,7;15,11.0,12,12.0,4376024,4376091,ISO16_RS19780,7.0,'3,ISO16_RS19785,19.0,'3,13.0,False,outside,convergent
2,REP963a;REP963b,5;8,6.5,32,32.0,4400327,4400393,ISO16_RS19900,97.0,'3,ISO16_RS19905,224.0,'5,160.5,False,outside,codirectional
2,REP965a;REP965b,4;4,4.0,20,20.0,4405229,4405275,ISO16_RS19915,56.0,'3,ISO16_RS19920,398.0,'5,227.0,False,outside,codirectional
3,REP966a;REP966b;REP966c,6;7;8,7.0,79;-18,30.5,4406901,4407017,ISO16_RS19920,145.0,'3,ISO16_RS19925,594.0,'5,369.5,True,outside,codirectional
2,REP972a;REP972b,7;11,9.0,-15,-15.0,4437768,4437800,ISO16_RS20040,48.0,'3,ISO16_RS20045,172.0,'5,110.0,True,outside,codirectional
3,REP1758d;REP1758c;REP1758b,4;3;6,4.333333333333333,5;34,19.5,4450433,4450519,ISO16_RS20115,,'3,ISO16_RS20120,170.0,'3,,False,outside,convergent
2,REP977a;REP977b,9;7,8.0,18,18.0,4450649,4450714,ISO16_RS20115,152.0,'3,ISO16_RS20120,,'3,,False,outside,convergent
2,REP979c;REP979d,6;3,4.5,72,72.0,4455356,4455455,ISO16_RS20135,23.0,'5,ISO16_RS20140,2.0,'3,12.5,False,outside,codirectional
2,REP1753a;REP984c,23;7,15.0,66,66.0,4463202,4463348,ISO16_RS20185,14.0,'3,ISO16_RS20190,,'3,,False,outside,convergent
2,REP986a;REP986b,15;7,11.0,-12,-12.0,4468385,4468428,ISO16_RS20210,41.0,'3,ISO16_RS20215,27.0,'5,34.0,True,outside,codirectional
2,REP1750d;REP988d,7;3,5.0,95,95.0,4486754,4486883,ISO16_RS20315,110.0,'5,ISO16_RS20320,100.0,'5,105.0,False,outside,divergent
2,REP1749d;REP1749c,7;5,6.0,11,11.0,4488234,4488280,ISO16_RS20325,15.0,'5,ISO16_RS20330,205.0,'3,110.0,False,outside,codirectional
2,REP1748a;REP990a,8;10,9.0,32,32.0,4497160,4497241,ISO16_RS20360,,'3,ISO16_RS20365,-25.0,'3,,False,outside,convergent
2,REP1743d;REP1743c,11;15,13.0,-17,-17.0,4512238,4512285,ISO16_RS20430,132.0,'5,ISO16_RS20440,145.0,'3,138.5,True,outside,codirectional
3,REP1742d;REP1742b;REP997a,5;7;7,6.333333333333333,96;-10,43.0,4513818,4513958,ISO16_RS20445,,'3,ISO16_RS20450,11.0,'3,,True,outside,convergent
2,REP1001b;REP1001c,6;9,7.5,56,56.0,4529592,4529689,ISO16_RS20530,58.0,'3,ISO16_RS20535,,'3,,False,outside,convergent
2,REP1005a;REP1005b,7;16,11.5,6,6.0,4541673,4541733,ISO16_RS20590,33.0,'3,ISO16_RS20595,36.0,'5,34.5,False,outside,codirectional
2,REP1007b;REP1007c,3;7,5.0,19,19.0,4546555,4546608,ISO16_RS20610,19.0,'5,ISO16_RS20615,22.0,'5,20.5,False,outside,divergent
3,REP1008a;REP1008b;REP1008d,5;20;5,10.0,13;6,9.5,4547932,4548027,ISO16_RS20615,114.0,'3,ISO16_RS20625,215.0,'5,164.5,False,outside,codirectional
2,REP1729;REP1012d,4;4,4.0,3,3.0,4567250,4567282,ISO16_RS20685,33.0,'5,ISO16_RS20690,0.0,'3,16.5,False,outside,codirectional
4,REP1018a;REP1018b;REP1018c;REP1018d,4;7;7;10,7.0,24;-3;22,14.333333333333334,4590818,4590937,ISO16_RS20805,109.0,'3,ISO16_RS20810,28.0,'5,68.5,True,outside,codirectional
2,REP1725c;REP1725a,10;4,7.0,61,61.0,4595103,4595201,ISO16_RS20820,,'3,ISO16_RS20825,4.0,'3,,False,outside,convergent
2,REP1034c;REP1712c,6;7,6.5,81,81.0,4647408,4647529,ISO16_RS21050,22.0,'5,ISO16_RS21055,62.0,'3,42.0,False,outside,codirectional
2,REP1039a;REP1039b,18;5,11.5,34,34.0,4673687,4673781,ISO16_RS21165,9.0,'3,ISO16_RS21170,,'3,,False,outside,convergent
2,REP1040c;REP1040d,8;3,5.5,27,27.0,4678573,4678635,ISO16_RS21195,199.0,'3,ISO16_RS21200,105.0,'5,152.0,False,outside,codirectional
2,REP1699a;REP1043b,7;11,9.0,59,59.0,4688224,4688328,ISO16_RS21250,3.0,'3,ISO16_RS21255,,'3,,False,outside,convergent
4,REP1696d;REP1696c;REP1696b;REP1696a,12;5;6;22,11.25,61;30;-4,29.0,4700755,4700958,ISO16_RS21315,,'3,ISO16_RS21320,2.0,'3,,True,outside,convergent
3,REP1048b;REP1048c;REP1048d,12;6;8,8.666666666666666,88;5,46.5,4717658,4717823,ISO16_RS21395,91.0,'3,ISO16_RS21400,88.0,'5,89.5,False,outside,codirectional
2,REP1054a;REP1054b,8;8,8.0,8,8.0,4739245,4739296,ISO16_RS21495,45.0,'3,ISO16_RS21500,25.0,'5,35.0,False,outside,codirectional
3,REP1055b;REP1055c;REP1055d,6;4;9,6.333333333333333,21;54,37.5,4740603,4740728,ISO16_RS21500,337.0,'3,ISO16_RS21505,22.0,'5,179.5,False,outside,codirectional
3,REP1685b;REP1685a;REP1057d,4;16;8,9.333333333333334,34;7,20.5,4757655,4757766,ISO16_RS21580,56.0,'3,ISO16_RS21585,-7.0,'3,24.5,False,outside,convergent
2,REP1059a;REP1059c,4;6,5.0,82,82.0,4764099,4764212,ISO16_RS21615,63.0,'3,ISO16_RS21620,129.0,'5,96.0,False,outside,codirectional
2,REP1064b;REP1064d,6;7,6.5,59,59.0,4787768,4787861,ISO16_RS21720,178.0,'3,ISO16_RS21725,752.0,'5,465.0,False,outside,codirectional
3,REP1680b;REP1067a;REP1680a,6;6;6,6.0,27;1,14.0,4797078,4797164,ISO16_RS21755,18.0,'3,ISO16_RS21760,132.0,'3,75.0,False,outside,convergent
3,REP1679c;REP1679b;REP1679a,3;14;18,11.666666666666666,67;10,38.5,4799753,4799915,ISO16_RS21765,62.0,'5,ISO16_RS21770,35.0,'3,48.5,False,outside,codirectional
2,REP1081a;REP1081b,7;7,7.0,36,36.0,4878239,4878313,ISO16_RS22140,29.0,'3,ISO16_RS22145,56.0,'3,42.5,False,outside,convergent
2,REP1081d;REP1662d,4;9,6.5,30,30.0,4878867,4878929,ISO16_RS22145,45.0,'5,ISO16_RS22150,27.0,'5,36.0,False,outside,divergent
2,REP1088a;REP1088b,11;7,9.0,-18,-18.0,4901280,4901313,ISO16_RS22225,16.0,'3,ISO16_RS22230,144.0,'5,80.0,True,outside,codirectional
2,REP1090a;REP1090b,7;10,8.5,26,26.0,4903480,4903557,ISO16_RS22235,51.0,'3,ISO16_RS22240,50.0,'5,50.5,False,outside,codirectional
2,REP1661b;REP1091c,7;7,7.0,34,34.0,4904312,4904383,ISO16_RS22240,12.0,'3,ISO16_RS22245,31.0,'3,21.5,False,outside,convergent
2,REP1093a;REP1093b,26;5,15.5,55,55.0,4913811,4913938,ISO16_RS22275,21.0,'3,ISO16_RS22280,,'3,,False,outside,convergent
2,REP1656b;REP1656a,5;5,5.0,25,25.0,4919011,4919075,ISO16_RS22300,46.0,'5,ISO16_RS22305,88.0,'3,67.0,False,outside,codirectional
2,REP1653b;REP1096a,9;5,7.0,31,31.0,4926060,4926129,ISO16_RS22330,,'3,ISO16_RS22335,-8.0,'3,,False,outside,convergent
2,REP1098a;REP1098b,16;12,14.0,10,10.0,4931947,4932024,ISO16_RS22355,15.0,'3,ISO16_RS22360,109.0,'5,62.0,False,outside,codirectional
2,REP1100c;REP1100d,12;7,9.5,39,39.0,4934096,4934184,ISO16_RS28970,332.0,'5,ISO16_RS22375,468.0,'5,400.0,False,outside,divergent
2,REP1111a;REP1111d,17;5,11.0,46,46.0,4970798,4970903,ISO16_RS22560,25.0,'3,ISO16_RS22565,195.0,'5,110.0,False,outside,codirectional
2,REP1115b;REP1642a,18;17,17.5,94,94.0,4982255,4982425,ISO16_RS22610,67.0,'3,ISO16_RS22615,15.0,'3,41.0,False,outside,convergent
2,REP1116a;REP1116b,6;11,8.5,49,49.0,4986592,4986690,ISO16_RS22635,87.0,'3,ISO16_RS22640,27.0,'5,57.0,False,outside,codirectional
3,REP1641b;REP1117b;REP1641a,4;8;9,7.0,36;2,19.0,4992769,4992862,ISO16_RS22655,110.0,'3,ISO16_RS22660,152.0,'3,131.0,False,outside,convergent
2,REP1119a;REP1119b,14;9,11.5,34,34.0,5004355,5004445,ISO16_RS22720,33.0,'3,ISO16_RS22725,,'3,,False,outside,convergent
2,REP1636a;REP1121d,18;4,11.0,22,22.0,5013191,5013267,ISO16_RS22765,565.0,'3,ISO16_RS22790,,'3,,False,outside,convergent
2,REP1633b;REP1633a,5;7,6.0,21,21.0,5024659,5024712,ISO16_RS22840,285.0,'5,ISO16_RS22845,60.0,'3,172.5,False,outside,codirectional
2,REP1123a;REP1123c,10;5,7.5,62,62.0,5029450,5029550,ISO16_RS22865,161.0,'3,ISO16_RS22870,17.0,'5,89.0,False,outside,codirectional
3,REP1629d;REP1629c;REP1133a,5;5;15,8.333333333333334,85;52,68.5,5078772,5078981,ISO16_RS23070,,'3,ISO16_RS23075,85.0,'3,,False,outside,convergent
3,REP1626c;REP1626b;REP1626a,5;4;24,11.0,63;26,44.5,5096079,5096245,ISO16_RS23160,,'3,ISO16_RS23165,22.0,'3,,False,outside,convergent
2,REP1624b;REP1624a,16;4,10.0,71,71.0,5100331,5100451,ISO16_RS23180,36.0,'5,ISO16_RS23185,56.0,'3,46.0,False,outside,codirectional
2,REP1145b;REP1145c,6;7,6.5,-12,-12.0,5138873,5138896,ISO16_RS23345,325.0,'3,ISO16_RS23350,17.0,'5,171.0,True,outside,codirectional
3,REP1615c;REP1615b;REP1615a,6;3;8,5.666666666666667,80;1,40.5,5147300,5147443,ISO16_RS23375,215.0,'5,ISO16_RS23380,43.0,'3,129.0,False,outside,codirectional
2,REP1149a;REP1149b,19;9,14.0,-27,-27.0,5163645,5163693,ISO16_RS23440,58.0,'3,ISO16_RS23445,199.0,'5,128.5,True,outside,codirectional
2,REP1606a;REP1158b,21;9,15.0,40,40.0,5192109,5192216,ISO16_RS23570,6.0,'3,ISO16_RS23575,,'3,,False,outside,convergent
2,REP1159a;REP1159b,19;7,13.0,46,46.0,5194433,5194542,ISO16_RS23590,25.0,'3,ISO16_RS23595,,'3,,False,outside,convergent
3,REP1602a;REP1162a;REP1162b,6;6;6,6.0,19;16,17.5,5205402,5205484,ISO16_RS23645,1.0,'3,ISO16_RS23650,,'3,,False,outside,convergent
3,REP1599d;REP1599c;REP1165a,6;9;16,10.333333333333334,35;11,23.0,5216980,5217104,ISO16_RS28805,,'3,ISO16_RS23710,26.0,'3,,False,outside,convergent
2,REP1593b;REP1593a,4;5,4.5,27,27.0,5238488,5238541,ISO16_RS23820,5.0,'3,ISO16_RS23825,51.0,'3,28.0,False,outside,convergent
2,REP1172b;REP1172d,8;6,7.0,98,98.0,5245293,5245429,ISO16_RS23860,57.0,'5,ISO16_RS23865,,'3,,False,outside,codirectional
2,REP1590b;REP1177a,6;18,12.0,49,49.0,5261234,5261340,ISO16_RS23945,,'3,ISO16_RS23950,9.0,'3,,False,outside,convergent
2,REP1589b;REP1589a,6;23,14.5,95,95.0,5262807,5262969,ISO16_RS23950,93.0,'5,ISO16_RS23955,83.0,'3,88.0,False,outside,codirectional
2,REP1183b;REP1183d,9;6,7.5,72,72.0,5276185,5276303,ISO16_RS24010,70.0,'3,ISO16_RS24015,28.0,'5,49.0,False,outside,codirectional
2,REP1184a;REP1184b,8;5,6.5,30,30.0,5278601,5278672,ISO16_RS24015,8.0,'3,ISO16_RS24020,55.0,'5,31.5,False,outside,codirectional
2,REP1588c;REP1588b,14;8,11.0,16,16.0,5279508,5279578,ISO16_RS24020,13.0,'3,ISO16_RS24025,-16.0,'5,-1.5,False,outside,codirectional
4,REP1187a;REP1187b;REP1187c;REP1187d,18;10;10;9,11.75,84;59;95,79.33333333333333,5284276,5284635,ISO16_RS24060,10.0,'3,ISO16_RS24065,,'3,,False,outside,convergent
2,REP1188a;REP1188b,5;4,4.5,44,44.0,5286248,5286317,ISO16_RS28810,55.0,'3,ISO16_RS28815,31.0,'5,43.0,False,outside,codirectional
2,REP1583c;REP1193a,7;18,12.5,35,35.0,5299270,5299366,ISO16_RS24135,-15.0,'3,ISO16_RS24140,98.0,'3,41.5,False,outside,convergent
3,REP1573c;REP1573b;REP1573a,5;6;22,11.0,91;80,85.5,5330559,5330811,ISO16_RS24270,,'3,ISO16_RS24275,11.0,'3,,False,outside,convergent
2,REP1570a;REP1205c,18;6,12.0,95,95.0,5342404,5342558,ISO16_RS24320,19.0,'3,ISO16_RS24325,,'3,,False,outside,convergent
2,REP1569b;REP1569a,5;10,7.5,33,33.0,5345244,5345325,ISO16_RS24340,,'3,ISO16_RS24345,22.0,'3,,False,outside,convergent
2,REP1213b;REP1213c,5;10,7.5,-17,-17.0,5372227,5372251,ISO16_RS24505,102.0,'3,ISO16_RS24510,50.0,'5,76.0,True,outside,codirectional
2,REP1562a;REP1216a,5;8,6.5,38,38.0,5378632,5378709,ISO16_RS24540,,'3,ISO16_RS24545,1.0,'3,,False,outside,convergent
2,REP1219b;REP1219c,5;18,11.5,83,83.0,5386174,5386325,ISO16_RS24580,61.0,'3,ISO16_RS24585,174.0,'5,117.5,False,outside,codirectional
4,REP1557d;REP1557c;REP1557b;REP1557a,4;10;5;11,7.5,17;17;17,17.0,5400728,5400860,ISO16_RS24635,,'3,ISO16_RS24640,2.0,'3,,False,outside,convergent
2,REP1224a;REP1556d,16;9,12.5,-13,-13.0,5407092,5407142,ISO16_RS24665,104.0,'3,ISO16_RS24670,288.0,'5,196.0,True,outside,codirectional
2,REP1224c;REP1556b,8;7,7.5,7,7.0,5407364,5407410,ISO16_RS24665,376.0,'3,ISO16_RS24670,20.0,'5,198.0,False,outside,codirectional
3,REP1556a;REP1225b;REP1225c,21;17;6,14.666666666666666,7;35,21.0,5407655,5407800,ISO16_RS24670,18.0,'3,ISO16_RS24675,,'3,,False,outside,convergent
3,REP1554a;REP1227a;REP1227b,15;7;6,9.333333333333334,66;92,79.0,5413315,5413549,ISO16_RS24695,-20.0,'3,ISO16_RS24700,,'3,,False,outside,convergent
2,REP1553c;REP1553b,4;9,6.5,26,26.0,5419696,5419767,ISO16_RS24730,,'3,ISO16_RS24735,88.0,'3,,False,outside,convergent
2,REP1543a;REP1234b,7;5,6.0,9,9.0,5451446,5451487,ISO16_RS24865,12.0,'3,ISO16_RS24870,7.0,'3,9.5,False,outside,convergent
2,REP1542b;REP1542a,8;7,7.5,-14,-14.0,5452506,5452533,ISO16_RS24870,112.0,'5,ISO16_RS24875,2.0,'3,57.0,True,outside,codirectional
3,REP1238a;REP1238c;REP1238d,8;8;4,6.666666666666667,-2;35,16.5,5478161,5478258,ISO16_RS24985,23.0,'3,ISO16_RS24990,198.0,'5,110.5,True,outside,codirectional
3,REP1241a;REP1241b;REP1241c,5;4;7,5.333333333333333,39;39,39.0,5488792,5488912,ISO16_RS25040,149.0,'3,ISO16_RS28835,244.0,'5,196.5,False,outside,codirectional
4,REP1531d;REP1531c;REP1531b;REP1531a,13;11;7;5,9.0,21;-4;31,16.0,5508114,5508263,ISO16_RS25135,102.0,'5,ISO16_RS25140,24.0,'3,63.0,True,outside,codirectional
4,REP1248d;REP1529c;REP1529b;REP1529a,6;14;6;7,8.25,-15;-15;-7,-12.333333333333334,5510637,5510695,ISO16_RS25150,63.0,'5,ISO16_RS25155,41.0,'5,52.0,True,outside,divergent
3,REP1527c;REP1527b;REP1527a,3;5;13,7.0,79;80,79.5,5523328,5523541,ISO16_RS25200,,'3,ISO16_RS25205,39.0,'3,,False,outside,convergent
2,REP1256b;REP1256c,4;7,5.5,26,26.0,5534558,5534612,ISO16_RS25255,133.0,'3,ISO16_RS25260,80.0,'5,106.5,False,outside,codirectional
2,REP1257a;REP1257c,21;7,14.0,96,96.0,5536064,5536230,ISO16_RS25260,16.0,'3,ISO16_RS25265,,'3,,False,outside,convergent
3,REP1521b;REP1521a;REP1258a,4;13;4,7.0,56;30,43.0,5539437,5539578,ISO16_RS25280,,'3,ISO16_RS25285,-7.0,'3,,False,outside,convergent
4,REP1259a;REP1259b;REP1259c;REP1259d,17;7;4;7,8.75,46;73;89,69.33333333333333,5543315,5543610,ISO16_RS25300,18.0,'3,ISO16_RS25305,,'3,,False,outside,convergent
2,REP1519c;REP1519b,8;18,13.0,37,37.0,5546364,5546460,ISO16_RS25310,,'3,ISO16_RS25315,7.0,'3,,False,outside,convergent
3,REP1517d;REP1517c;REP1517b,6;3;5,4.666666666666667,29;35,32.0,5550180,5550298,ISO16_RS25325,111.0,'5,ISO16_RS25330,,'5,,False,outside,divergent
2,REP1264a;REP1514a,7;8,7.5,72,72.0,5564019,5564131,ISO16_RS25390,7.0,'3,ISO16_RS25395,56.0,'3,31.5,False,outside,convergent
2,REP1512c;REP1512b,7;7,7.0,12,12.0,5567930,5567980,ISO16_RS25400,356.0,'5,ISO16_RS25405,674.0,'3,515.0,False,outside,codirectional
4,REP1268a;REP1268b;REP1268c;REP1268d,7;7;4;8,6.5,28;68;10,35.333333333333336,5578868,5579053,ISO16_RS25450,126.0,'3,ISO16_RS25455,,'3,,False,outside,convergent
2,REP1269b;REP1269c,11;5,8.0,9,9.0,5580293,5580343,ISO16_RS25465,37.0,'3,ISO16_RS25470,27.0,'5,32.0,False,outside,codirectional
2,REP1273c;REP1273d,11;23,17.0,-29,-29.0,5609604,5609662,ISO16_RS25590,122.0,'5,ISO16_RS25595,59.0,'5,90.5,True,outside,divergent
3,REP1279a;REP1279c;REP1279d,16;4;3,7.666666666666667,28;17,22.5,5620977,5621085,ISO16_RS25650,10.0,'3,ISO16_RS25655,,'3,,False,outside,convergent
3,REP1498b;REP1280b;REP1280c,16;22;9,15.666666666666666,12;16,14.0,5624412,5624552,ISO16_RS25665,9.0,'3,ISO16_RS25670,,'3,,False,outside,convergent
2,REP1284a;REP1284c,19;6,12.5,50,50.0,5633265,5633376,ISO16_RS25715,39.0,'3,ISO16_RS25720,,'3,,False,outside,convergent
3,REP1290b;REP1290c;REP1290d,5;5;4,4.666666666666667,83;26,54.5,5646143,5646295,ISO16_RS25795,163.0,'5,ISO16_RS25800,86.0,'5,124.5,False,outside,divergent
2,REP1299a;REP1299b,9;12,10.5,4,4.0,5678010,5678067,ISO16_RS25945,9.0,'3,ISO16_RS25950,46.0,'5,27.5,False,outside,codirectional
2,REP1483a;REP1301a,4;7,5.5,34,34.0,5681418,5681485,ISO16_RS25960,,'3,ISO16_RS25965,-13.0,'3,,False,outside,convergent
3,REP1482b;REP1303a;REP1303b,5;20;6,10.333333333333334,79;-3,38.0,5685359,5685512,ISO16_RS25985,,'3,ISO16_RS25990,-1.0,'3,,True,outside,convergent
2,REP1304b;REP1304d,18;5,11.5,-3,-3.0,5691598,5691657,ISO16_RS26015,11.0,'3,ISO16_RS26020,61.0,'5,36.0,True,outside,codirectional
2,REP1479c;REP1308d,12;6,9.0,21,21.0,5700932,5701000,ISO16_RS26060,72.0,'3,ISO16_RS26065,15.0,'3,43.5,False,outside,convergent
2,REP1310b;REP1310c,6;8,7.0,18,18.0,5709097,5709153,ISO16_RS26095,370.0,'3,ISO16_RS26100,19.0,'5,194.5,False,outside,codirectional
2,REP1467b;REP1467a,6;7,6.5,2,2.0,5743245,5743282,ISO16_RS26235,13.0,'5,ISO16_RS26240,12.0,'3,12.5,False,outside,codirectional
2,REP1464b;REP1464a,6;4,5.0,50,50.0,5749755,5749832,ISO16_RS26265,32.0,'5,ISO16_RS26270,-1.0,'3,15.5,False,outside,codirectional
2,REP1324a;REP1324b,14;8,11.0,10,10.0,5757790,5757855,ISO16_RS26300,28.0,'3,ISO16_RS26305,135.0,'5,81.5,False,outside,codirectional
2,REP1331a;REP1331b,5;7,6.0,39,39.0,5789001,5789072,ISO16_RS26450,42.0,'3,ISO16_RS26455,67.0,'5,54.5,False,outside,codirectional
2,REP1332b;REP1332c,8;6,7.0,42,42.0,5794082,5794164,ISO16_RS26470,156.0,'3,ISO16_RS26475,79.0,'5,117.5,False,outside,codirectional
2,REP1460c;REP1460a,7;18,12.5,43,43.0,5801590,5801695,ISO16_RS26495,,'3,ISO16_RS26505,1440.0,'3,,False,outside,convergent
2,REP1459c;REP1459b,21;5,13.0,81,81.0,5802768,5802911,ISO16_RS26500,39.0,'5,ISO16_RS26505,224.0,'3,131.5,False,outside,codirectional
2,REP1456b;REP1456a,10;19,14.5,40,40.0,5814056,5814164,ISO16_RS26560,,'3,ISO16_RS26565,12.0,'3,,False,outside,convergent
2,REP1343a;REP1343b,6;4,5.0,15,15.0,5834718,5834759,ISO16_RS26620,45.0,'3,ISO16_RS26625,29.0,'5,37.0,False,outside,codirectional
3,REP1452d;REP1452b;REP1344b,4;4;4,4.0,8;17,12.5,5835840,5835910,ISO16_RS26625,5.0,'3,ISO16_RS26630,29.0,'3,17.0,False,outside,convergent
2,REP1347c;REP1347d,5;6,5.5,67,67.0,5844512,5844609,ISO16_RS26670,229.0,'3,ISO16_RS26675,48.0,'5,138.5,False,outside,codirectional
4,REP1446d;REP1350b;REP1350c;REP1446a,6;8;9;5,7.0,-11;-17;-15,-14.333333333333334,5862942,5862973,ISO16_RS26760,19.0,'3,ISO16_RS26765,34.0,'3,26.5,True,outside,convergent
4,REP1443b;REP1443a;REP1355b;REP1355d,5;15;15;7,10.5,8;80;34,40.66666666666666,5882495,5882729,ISO16_RS26855,-9.0,'3,ISO16_RS26860,,'3,,False,outside,convergent
2,REP1440a;REP1357a,5;10,7.5,57,57.0,5898464,5898564,ISO16_RS26920,4.0,'3,ISO16_RS28850,,'3,,False,outside,convergent
2,REP1359a;REP1359b,5;10,7.5,57,57.0,5923442,5923544,ISO16_RS26990,17.0,'3,ISO16_RS26995,210.0,'3,113.5,False,outside,convergent
2,REP1434b;REP1434a,3;3,3.0,45,45.0,5930287,5930357,ISO16_RS27015,520.0,'3,ISO16_RS27020,78.0,'3,299.0,False,outside,convergent
2,REP1366a;REP1366b,12;7,9.5,25,25.0,5961136,5961206,ISO16_RS27080,174.0,'3,ISO16_RS27085,-15.0,'3,79.5,False,outside,convergent
3,REP1367b;REP1430a;REP1367c,9;3;2,4.666666666666667,8;30,19.0,5962551,5962642,ISO16_RS27090,62.0,'3,ISO16_RS27095,95.0,'3,78.5,False,outside,convergent
2,REP1372a;REP1372b,5;4,4.5,52,52.0,5986887,5986970,ISO16_RS28870,92.0,'3,ISO16_RS27185,83.0,'5,87.5,False,outside,codirectional
2,REP1424b;REP1424a,9;6,7.5,25,25.0,6002739,6002808,ISO16_RS27255,,'3,ISO16_RS27260,35.0,'3,,False,outside,convergent
4,REP1417d;REP1417b;REP1417a;REP1383b,10;14;13;13,12.5,35;-13;10,10.666666666666666,6031484,6031649,ISO16_RS27375,-11.0,'3,ISO16_RS27380,6.0,'3,-2.5,True,outside,convergent
2,REP1385a;REP1385b,16;7,11.5,28,28.0,6039525,6039607,ISO16_RS27435,15.0,'3,ISO16_RS27440,17.0,'5,16.0,False,outside,codirectional
2,REP1389b;REP1389d,8;5,6.5,75,75.0,6056546,6056656,ISO16_RS27525,134.0,'3,ISO16_RS27530,,'3,,False,outside,convergent
2,REP1408b;REP1391a,5;14,9.5,75,75.0,6066178,6066305,ISO16_RS27565,,'3,ISO16_RS27570,7.0,'3,,False,outside,convergent
2,REP1394a;REP1394b,17;7,12.0,-14,-14.0,6077269,6077311,ISO16_RS27620,14.0,'3,ISO16_RS27630,315.0,'5,164.5,True,outside,codirectional
2,REP1403b;REP1403a,6;8,7.0,49,49.0,6104003,6104089,ISO16_RS27750,,'3,ISO16_RS27755,9.0,'3,,False,outside,convergent
2,REP2c;REP2d,8;4,6.0,83,83.0,8513,8632,ISO16_RS27790,206.0,'5,ISO16_RS27795,6.0,'5,106.0,False,outside,divergent
2,REP3a;REP3c,8;8,8.0,-2,-2.0,11003,11050,ISO16_RS27800,23.0,'3,ISO16_RS27805,,'3,,True,outside,convergent
3,REP81c;REP81b;REP81a,8;3;3,4.666666666666667,-12;17,2.5,18617,18670,ISO16_RS27835,198.0,'5,ISO16_RS27840,75.0,'3,136.5,True,outside,codirectional
4,REP4c;REP79c;REP79b;REP79a,8;3;6;12,7.25,66;82;95,81.0,22608,22937,ISO16_RS27855,520.0,'3,ISO16_RS27860,171.0,'3,345.5,False,outside,convergent
2,REP76b;REP76a,16;10,13.0,71,71.0,29293,29425,ISO16_RS27885,581.0,'5,ISO16_RS27890,9.0,'3,295.0,False,outside,codirectional
3,REP69c;REP69b;REP69a,4;20;21,15.0,97;6,51.5,54641,54861,ISO16_RS27990,226.0,'3,ISO16_RS28000,70.0,'3,148.0,False,outside,convergent
2,REP17a;REP17b,4;10,7.0,55,55.0,73747,73840,ISO16_RS28060,39.0,'3,ISO16_RS28065,421.0,'5,230.0,False,outside,codirectional
2,REP17c;REP17d,9;5,7.0,85,85.0,74007,74128,ISO16_RS28060,299.0,'3,ISO16_RS28065,133.0,'5,216.0,False,outside,codirectional
4,REP67c;REP20b;REP20c;REP20d,5;14;12;5,9.0,15;-11;25,9.666666666666666,77830,77964,ISO16_RS28075,236.0,'3,ISO16_RS28080,,'3,,True,outside,convergent
2,REP66c;REP66a,6;15,10.5,61,61.0,78882,78991,ISO16_RS28080,44.0,'5,ISO16_RS28085,8.0,'3,26.0,False,outside,codirectional
3,REP64d;REP64c;REP64b,11;4;8,7.666666666666667,75;77,76.0,81136,81350,ISO16_RS28095,162.0,'5,ISO16_RS28100,69.0,'5,115.5,False,outside,divergent
2,REP23a;REP23b,21;4,12.5,82,82.0,83956,84105,ISO16_RS28110,85.0,'3,ISO16_RS28115,,'3,,False,outside,convergent
4,REP24c;REP62b;REP24d;REP62a,4;3;5;4,4.0,53;12;84,49.66666666666666,86385,86584,ISO16_RS28120,223.0,'3,ISO16_RS28125,65.0,'5,144.0,False,outside,codirectional
2,REP60a;REP28a,10;5,7.5,37,37.0,98663,98739,ISO16_RS28170,1.0,'3,ISO16_RS28175,13.0,'3,7.0,False,outside,convergent
2,REP30a;REP30b,10;11,10.5,81,81.0,117884,118014,ISO16_RS28265,5.0,'3,ISO16_RS28270,168.0,'5,86.5,False,outside,codirectional
3,REP35a;REP35c;REP35d,6;12;7,8.333333333333334,88;-15,36.5,135312,135459,ISO16_RS28335,23.0,'3,ISO16_RS28340,741.0,'5,382.0,True,outside,codirectional
3,REP36a;REP36b;REP36c,16;5;10,10.333333333333334,-11;3,-4.0,136742,136808,ISO16_RS28340,20.0,'3,ISO16_RS28345,54.0,'5,37.0,True,outside,codirectional
2,REP37a;REP56a,6;8,7.0,91,91.0,138415,138548,ISO16_RS28350,192.0,'3,ISO16_RS28355,21.0,'3,106.5,False,outside,convergent
2,REP54b;REP54a,7;7,7.0,12,12.0,141873,141921,ISO16_RS28375,379.0,'5,ISO16_RS28380,40.0,'3,209.5,False,outside,codirectional
3,REP52b;REP42d;REP52a,9;7;4,6.666666666666667,-16;96,40.0,151368,151511,ISO16_RS28430,290.0,'3,ISO16_RS28435,60.0,'3,175.0,True,outside,convergent
3,REP51d;REP51c;REP51b,7;10;13,10.0,44;61,52.5,159585,159773,ISO16_RS28465,45.0,'3,ISO16_RS28470,,'5,,False,outside,codirectional
3,REP46b;REP49;REP46d,4;7;6,5.666666666666667,31;25,28.0,164899,165003,ISO16_RS28500,2.0,'5,ISO16_RS28505,,'3,,False,outside,codirectional
