n_of_h	h_names	h_stem_lens	h_stem_len_av	dist_between_h	dist_between_h_av	cluster_start	cluster_stop	up_name	up_dist	up_utr	dw_name	dw_dist	dw_utr	av_dist	overlap	type
2	REP2c;REP2d	8;4	6.0	83	83.0	8513	8632	ISO16_RS27790	206	'5	ISO16_RS27795	6	'5	106.0	False	outside
2	REP86c;REP86a	11;4	7.5	42	42.0	10755	10840	ISO16_RS27800		'3	ISO16_RS27805	175	'3		False	inside
2	REP3a;REP3c	8;8	8.0	-2	-2.0	11003	11050	ISO16_RS27800	23	'3	ISO16_RS27805		'3		True	outside
3	REP81c;REP81b;REP81a	8;3;3	4.666666666666667	-12;17	2.5	18617	18670	ISO16_RS27835	198	'5	ISO16_RS27840	75	'3	136.5	True	outside
4	REP4c;REP79c;REP79b;REP79a	8;3;6;12	7.25	66;82;95	81.0	22608	22937	ISO16_RS27855	520	'3	ISO16_RS27860	171	'3	345.5	False	outside
2	REP5c;REP5d	7;16	11.5	29	29.0	25272	25360	ISO16_RS27865	410	'3	ISO16_RS27870		'3		False	inside
2	REP77c;REP77b	5;4	4.5	39	39.0	27721	27790	ISO16_RS27875	623	'3	ISO16_RS27885	652	'3	637.5	False	inside
2	REP76b;REP76a	16;10	13.0	71	71.0	29293	29425	ISO16_RS27885	581	'5	ISO16_RS27890	9	'3	295.0	False	outside
2	REP72c;REP72b	6;8	7.0	86	86.0	43969	44091	ISO16_RS27940		'3	ISO16_RS27945	440	'3		False	inside
2	REP10b;REP10c	3;5	4.0	36	36.0	44843	44908	ISO16_RS27940	606	'3	ISO16_RS27950	567	'3	586.5	False	inside
2	REP71c;REP71b	4;7	5.5	26	26.0	48979	49032	ISO16_RS27965		'3	ISO16_RS27970	85	'3		False	inside
2	REP70d;REP70c	7;3	5.0	59	59.0	51245	51336	ISO16_RS27975		'3	ISO16_RS27980	132	'3		False	inside
3	REP69c;REP69b;REP69a	4;20;21	15.0	97;6	51.5	54641	54861	ISO16_RS27990	226	'3	ISO16_RS28000	70	'3	148.0	False	outside
2	REP17a;REP17b	4;10	7.0	55	55.0	73747	73840	ISO16_RS28060	39	'3	ISO16_RS28065	421	'5	230.0	False	outside
2	REP17c;REP17d	9;5	7.0	85	85.0	74007	74128	ISO16_RS28060	299	'3	ISO16_RS28065	133	'5	216.0	False	outside
4	REP67c;REP20b;REP20c;REP20d	5;14;12;5	9.0	15;-11;25	9.666666666666666	77830	77964	ISO16_RS28075	236	'3	ISO16_RS28080		'3		True	outside
2	REP66c;REP66a	6;15	10.5	61	61.0	78882	78991	ISO16_RS28080	44	'5	ISO16_RS28085	8	'3	26.0	False	outside
3	REP64d;REP64c;REP64b	11;4;8	7.666666666666667	75;77	76.0	81136	81350	ISO16_RS28095	162	'5	ISO16_RS28100	69	'5	115.5	False	outside
2	REP63d;REP63c	6;5	5.5	62	62.0	83652	83747	ISO16_RS28110		'3	ISO16_RS28115	261	'3		False	inside
2	REP23a;REP23b	21;4	12.5	82	82.0	83956	84105	ISO16_RS28110	85	'3	ISO16_RS28115		'3		False	outside
4	REP24c;REP62b;REP24d;REP62a	4;3;5;4	4.0	53;12;84	49.666666666666664	86385	86584	ISO16_RS28120	223	'3	ISO16_RS28125	65	'5	144.0	False	outside
2	REP60a;REP28a	10;5	7.5	37	37.0	98663	98739	ISO16_RS28170	1	'3	ISO16_RS28175	13	'3	7.0	False	outside
2	REP28b;REP28c	6;14	10.0	92	92.0	99085	99239	ISO16_RS28175		'5	ISO16_RS28180	52	'3		False	inside
2	REP30a;REP30b	10;11	10.5	81	81.0	117884	118014	ISO16_RS28265	5	'3	ISO16_RS28270	168	'5	86.5	False	outside
2	REP58c;REP58b	5;4	4.5	69	69.0	119634	119731	ISO16_RS28270		'3	ISO16_RS28275	279	'3		False	inside
2	REP31c;REP31d	4;4	4.0	83	83.0	120592	120699	ISO16_RS28275		'5	ISO16_RS28280	399	'3		False	inside
3	REP35a;REP35c;REP35d	6;12;7	8.333333333333334	88;-15	36.5	135312	135459	ISO16_RS28335	23	'3	ISO16_RS28340	741	'5	382.0	True	outside
3	REP36a;REP36b;REP36c	16;5;10	10.333333333333334	-11;3	-4.0	136742	136808	ISO16_RS28340	20	'3	ISO16_RS28345	54	'5	37.0	True	outside
2	REP37a;REP56a	6;8	7.0	91	91.0	138415	138548	ISO16_RS28350	192	'3	ISO16_RS28355	21	'3	106.5	False	outside
2	REP55b;REP55a	10;7	8.5	42	42.0	140865	140954	ISO16_RS28370		'3	ISO16_RS28375	9	'3		False	inside
2	REP39b;REP39c	7;6	6.5	47	47.0	141271	141356	ISO16_RS28370	317	'3	ISO16_RS28375		'3		False	inside
2	REP54b;REP54a	7;7	7.0	12	12.0	141873	141921	ISO16_RS28375	379	'5	ISO16_RS28380	40	'3	209.5	False	outside
3	REP53d;REP53b;REP40b	7;7;5	6.333333333333333	78;43	60.5	145455	145633	ISO16_RS29145		'3	ISO16_RS28405		'3		False	inside
3	REP52b;REP42d;REP52a	9;7;4	6.666666666666667	-16;96	40.0	151368	151511	ISO16_RS28430	290	'3	ISO16_RS28435	60	'3	175.0	True	outside
3	REP51d;REP51c;REP51b	7;10;13	10.0	44;61	52.5	159585	159773	ISO16_RS28465	45	'3	ISO16_RS28470		'5		False	outside
2	REP44c;REP44d	7;10	8.5	6	6.0	160622	160677	ISO16_RS28475		'5	ISO16_RS28480	244	'3		False	inside
2	REP50b;REP50a	7;9	8.0	5	5.0	164486	164541	ISO16_RS28495		'3	ISO16_RS28500	104	'3		False	inside
3	REP46b;REP49;REP46d	4;7;6	5.666666666666667	31;25	28.0	164899	165003	ISO16_RS28500	2	'5	ISO16_RS28505		'3		False	outside
