name	molecule	start	stop	GC	dG	stem_len	loop_size	bulges
REP1a	NZ_CP064066.1	1984	1998	46.7	-3.00	5	3		
REP1b	NZ_CP064066.1	2023	2060	76.3	-19.40	12	9	_r1_c2	
REP87c	NZ_CP064066.1	6274	6294	90.5	-19.10	9	3		
REP87b	NZ_CP064066.1	6420	6440	76.2	-5.20	6	4		
REP2a	NZ_CP064066.1	7201	7215	60.0	-3.50	4	7		
REP2b	NZ_CP064066.1	8027	8045	52.6	-6.00	5	7		
REP2c	NZ_CP064066.1	8513	8537	60.0	-11.00	8	9		
REP2d	NZ_CP064066.1	8621	8632	75.0	-3.10	4	4		
REP86d	NZ_CP064066.1	10488	10500	92.3	-4.40	3	4		
REP86c	NZ_CP064066.1	10755	10786	75.0	-15.60	11	6	_c1_c1	
REP86a	NZ_CP064066.1	10829	10840	75.0	-5.20	4	4		
REP3a	NZ_CP064066.1	11003	11027	64.0	-13.90	8	9		
REP3c	NZ_CP064066.1	11026	11050	68.0	-11.00	8	7	_c1	
REP3d	NZ_CP064066.1	11258	11283	65.4	-10.80	8	10		
REP85c	NZ_CP064066.1	11648	11669	81.8	-9.90	8	4	_c1	
REP85a	NZ_CP064066.1	11795	11817	63.6	-12.40	8	5		
REP83	NZ_CP064066.1	15365	15378	85.7	-7.60	5	4		
REP82	NZ_CP064066.1	16861	16889	34.5	-13.00	12	3	_c1	
REP81d	NZ_CP064066.1	18424	18435	100.0	-2.10	3	4		
REP81c	NZ_CP064066.1	18617	18640	62.5	-12.30	8	8		
REP81b	NZ_CP064066.1	18629	18642	64.3	-0.10	3	4		
REP81a	NZ_CP064066.1	18660	18670	54.5	-1.60	3	5		
REP80	NZ_CP064066.1	19985	20010	80.8	-17.40	10	4	_r2	
REP4a	NZ_CP064066.1	22106	22117	50.0	-1.60	3	4		
REP4b	NZ_CP064066.1	22437	22461	84.0	-22.00	10	5		
REP4c	NZ_CP064066.1	22608	22629	36.4	-6.90	8	6		
REP79c	NZ_CP064066.1	22696	22709	69.2	-2.60	3	6		
REP79b	NZ_CP064066.1	22792	22806	53.3	-4.30	6	3		
REP79a	NZ_CP064066.1	22902	22937	58.3	-17.40	12	10	_c1	
REP78c	NZ_CP064066.1	24600	24611	83.3	-2.90	4	4		
REP78b	NZ_CP064066.1	24912	24948	67.6	-30.90	15	7		
REP78a	NZ_CP064066.1	25109	25126	83.3	-11.80	7	4		
REP5c	NZ_CP064066.1	25272	25291	70.0	-10.00	7	6		
REP5d	NZ_CP064066.1	25321	25360	75.0	-24.70	16	4	_c1_c1	
REP77d	NZ_CP064066.1	27685	27707	73.9	-4.80	6	4	_r4	
REP77c	NZ_CP064066.1	27721	27738	72.2	-2.00	5	4	_c2	
REP77b	NZ_CP064066.1	27778	27790	92.3	-4.90	4	5		
REP6a	NZ_CP064066.1	28232	28248	64.7	-2.70	4	9		
REP6b	NZ_CP064066.1	28574	28584	81.8	-2.00	3	5		
REP6d	NZ_CP064066.1	28866	28900	57.1	-12.00	14	3	_c1_l1_r1	
REP76c	NZ_CP064066.1	29036	29050	66.7	-5.60	6	3		
REP76b	NZ_CP064066.1	29293	29327	65.7	-33.00	16	3		
REP76a	NZ_CP064066.1	29399	29425	85.2	-21.30	10	7		
REP75b	NZ_CP064066.1	31062	31108	57.4	-26.40	18	4	_l1_c3	
REP74b	NZ_CP064066.1	34922	34960	74.4	-30.40	16	6	_r1	
REP74a	NZ_CP064066.1	34967	34990	66.7	-13.60	10	3	_r1	
REP73	NZ_CP064066.1	35875	35889	86.7	-8.40	5	5		
REP7a	NZ_CP064066.1	40250	40295	65.2	-26.00	18	4	_r1_r2	
REP8	NZ_CP064066.1	41679	41699	38.1	-6.10	8	5		
REP9a	NZ_CP064066.1	43037	43071	62.9	-29.40	15	5		
REP9b	NZ_CP064066.1	43306	43321	62.5	-7.90	6	4		
REP72d	NZ_CP064066.1	43830	43844	66.7	-6.20	6	3		
REP72c	NZ_CP064066.1	43969	43986	66.7	-5.20	6	4	_c1	
REP72b	NZ_CP064066.1	44073	44091	78.9	-12.00	8	3		
REP72a	NZ_CP064066.1	44434	44478	62.2	-22.30	17	5	_r2_r1	
REP10b	NZ_CP064066.1	44843	44857	80.0	-1.10	3	3		
REP10c	NZ_CP064066.1	44894	44908	60.0	-5.60	5	5		
REP71c	NZ_CP064066.1	48979	48989	72.7	-3.30	4	3		
REP71b	NZ_CP064066.1	49016	49032	76.5	-8.30	7	3		
REP11a	NZ_CP064066.1	49371	49389	52.6	-8.10	8	3		
REP11b	NZ_CP064066.1	49571	49588	94.4	-7.90	5	8		
REP11d	NZ_CP064066.1	50230	50249	60.0	-2.80	5	8	_c1	
REP70d	NZ_CP064066.1	51245	51265	81.0	-7.10	7	5	_c1	
REP70c	NZ_CP064066.1	51325	51336	75.0	-1.40	3	6		
REP12a	NZ_CP064066.1	51522	51541	50.0	-9.20	8	4		
REP12c	NZ_CP064066.1	52252	52283	65.6	-11.40	10	9	_r2	
REP12d	NZ_CP064066.1	52407	52419	61.5	-3.10	4	5		
REP69c	NZ_CP064066.1	54641	54655	80.0	-2.10	4	7		
REP69b	NZ_CP064066.1	54753	54801	75.5	-43.00	20	7	_c1	
REP69a	NZ_CP064066.1	54808	54861	55.6	-38.30	21	10	_c1	
REP13c	NZ_CP064066.1	55016	55044	58.6	-8.40	9	7	_r3	
REP13d	NZ_CP064066.1	55207	55228	57.1	-3.00	4	5		
REP68c	NZ_CP064066.1	55409	55429	90.5	-7.80	7	4	_r1	
REP68b	NZ_CP064066.1	55727	55747	80.0	-11.60	7	5		
REP68a	NZ_CP064066.1	55983	56014	75.0	-17.50	12	6	_l1_r1	
REP14a	NZ_CP064066.1	56377	56394	77.8	-6.40	5	8		
REP14b	NZ_CP064066.1	56652	56665	64.3	-3.10	4	6		
REP14c	NZ_CP064066.1	56808	56823	75.0	-9.60	6	4		
REP14d	NZ_CP064066.1	56928	56942	80.0	-7.90	6	3		
REP15	NZ_CP064066.1	67445	67476	78.1	-31.60	14	4		
REP16b	NZ_CP064066.1	68862	68890	89.7	-17.50	11	4	_c1_r1	
REP16c	NZ_CP064066.1	68891	68919	65.5	-19.90	12	4	_r1	
REP16d	NZ_CP064066.1	68984	68997	92.9	-9.60	5	4		
REP17a	NZ_CP064066.1	73747	73758	58.3	-4.60	4	4		
REP17b	NZ_CP064066.1	73814	73840	85.2	-17.30	10	5	_c1	
REP17c	NZ_CP064066.1	74007	74028	81.8	-17.30	9	4		
REP17d	NZ_CP064066.1	74114	74128	60.0	-4.60	5	5		
REP18	NZ_CP064066.1	74532	74545	64.3	-1.20	3	8		
REP19	NZ_CP064066.1	74878	74892	86.7	-8.70	6	3		
REP67c	NZ_CP064066.1	77830	77848	78.9	-5.10	5	9		
REP67b	NZ_CP064066.1	77852	77874	65.2	-10.80	9	4	_l1	
REP20b	NZ_CP064066.1	77864	77905	76.2	-24.20	14	6	_c2_c2	
REP20c	NZ_CP064066.1	77895	77924	83.3	-27.30	12	6		
REP20d	NZ_CP064066.1	77950	77964	93.3	-8.10	5	5		
REP66d	NZ_CP064066.1	78846	78878	56.2	-10.70	10	5	_r4	
REP66c	NZ_CP064066.1	78882	78896	66.7	-7.60	6	3		
REP66a	NZ_CP064066.1	78958	78991	67.6	-27.40	15	4		
REP65d	NZ_CP064066.1	79447	79458	75.0	-4.30	4	4		
REP65c	NZ_CP064066.1	80075	80092	77.8	-3.60	4	4	_c1	
REP65b	NZ_CP064066.1	80244	80259	93.8	-12.10	6	4		
REP65a	NZ_CP064066.1	80252	80290	84.6	-24.40	13	4	_r1_c2_c1	
REP21b	NZ_CP064066.1	80494	80507	78.6	-2.50	3	4		
REP21c	NZ_CP064066.1	80661	80676	87.5	-4.60	5	4	_c1	
REP64d	NZ_CP064066.1	81136	81163	82.1	-23.00	11	6		
REP64c	NZ_CP064066.1	81239	81252	78.6	-5.30	4	6		
REP64b	NZ_CP064066.1	81330	81350	66.7	-11.60	8	5		
REP64a	NZ_CP064066.1	81478	81492	86.7	-8.40	5	5		
REP22a	NZ_CP064066.1	81619	81633	80.0	-4.90	5	5		
REP22c	NZ_CP064066.1	82101	82119	52.6	-9.60	7	5		
REP63d	NZ_CP064066.1	83652	83670	36.8	-3.10	6	7		
REP63c	NZ_CP064066.1	83733	83747	66.7	-4.10	5	3		
REP23a	NZ_CP064066.1	83956	84011	62.5	-47.70	21	8	_c2	
REP23b	NZ_CP064066.1	84094	84105	50.0	-2.50	4	4		
REP23c	NZ_CP064066.1	84426	84438	69.2	-4.90	4	5		
REP24a	NZ_CP064066.1	86205	86230	73.1	-13.50	10	5	_l1	
REP24b	NZ_CP064066.1	86270	86284	66.7	-5.90	6	3		
REP62c	NZ_CP064066.1	86373	86404	81.2	-16.00	12	4	_l1_l3	
REP24c	NZ_CP064066.1	86385	86396	91.7	-5.00	4	4		
REP62b	NZ_CP064066.1	86450	86461	72.7	-6.10	3	4		
REP24d	NZ_CP064066.1	86474	86487	64.3	-4.30	5	4		
REP62a	NZ_CP064066.1	86572	86584	46.2	-1.50	4	5		
REP25a	NZ_CP064066.1	87505	87520	68.8	-2.50	4	8		
REP25b	NZ_CP064066.1	87951	87969	68.4	-9.80	7	5		
REP25c	NZ_CP064066.1	88122	88151	80.0	-19.10	10	8	_c1	
REP25d	NZ_CP064066.1	88276	88291	75.0	-7.80	5	6		
REP61d	NZ_CP064066.1	89574	89589	50.0	-4.90	5	6		
REP61c	NZ_CP064066.1	89929	89951	73.9	-11.00	7	9		
REP61a	NZ_CP064066.1	90270	90289	90.0	-9.40	7	4	_c1	
REP26d	NZ_CP064066.1	90534	90544	63.6	-1.90	4	3		
REP27a	NZ_CP064066.1	97241	97267	63.0	-11.00	9	5	_c1_c1	
REP27b	NZ_CP064066.1	97387	97404	66.7	-10.10	7	4		
REP60d	NZ_CP064066.1	97836	97854	63.2	-4.50	7	3	_c1	
REP60c	NZ_CP064066.1	98237	98259	65.2	-12.40	8	7		
REP60b	NZ_CP064066.1	98302	98327	61.5	-10.40	11	3	_r1	
REP60a	NZ_CP064066.1	98663	98685	82.6	-17.60	10	3		
REP28a	NZ_CP064066.1	98723	98739	52.9	-2.20	5	5	_c1	
REP28b	NZ_CP064066.1	99085	99104	60.0	-5.40	6	5		
REP28c	NZ_CP064066.1	99197	99239	81.4	-30.70	14	11	_c2	
REP28d	NZ_CP064066.1	99750	99763	69.2	-3.20	4	4		
REP59	NZ_CP064066.1	113288	113315	82.1	-26.00	11	6		
REP30a	NZ_CP064066.1	117884	117907	83.3	-21.70	10	4		
REP30b	NZ_CP064066.1	117989	118014	61.5	-16.30	11	4		
REP30c	NZ_CP064066.1	118154	118178	80.0	-13.80	9	5	_c1	
REP58d	NZ_CP064066.1	119055	119089	68.6	-9.10	10	5	_c2_c3	
REP58c	NZ_CP064066.1	119634	119648	73.3	-6.50	5	5		
REP58b	NZ_CP064066.1	119718	119731	71.4	-4.10	4	6		
REP58a	NZ_CP064066.1	119881	119903	78.3	-13.90	9	4	_r1	
REP31a	NZ_CP064066.1	120064	120092	75.9	-20.60	12	3	_c1	
REP31c	NZ_CP064066.1	120592	120603	83.3	-2.20	4	4		
REP31d	NZ_CP064066.1	120687	120699	69.2	-3.00	4	5		
REP32	NZ_CP064066.1	126134	126170	73.0	-30.60	15	7		
REP33	NZ_CP064066.1	133167	133186	85.0	-9.60	7	4	_c1	
REP57d	NZ_CP064066.1	133870	133896	85.2	-22.30	9	5	_c2	
REP57b	NZ_CP064066.1	134015	134049	82.9	-24.70	11	13		
REP57a	NZ_CP064066.1	134221	134261	73.2	-27.40	16	5	_r1_r2	
REP35a	NZ_CP064066.1	135312	135331	75.0	-9.30	6	8		
REP35b	NZ_CP064066.1	135347	135365	89.5	-7.90	7	4	_l1	
REP35c	NZ_CP064066.1	135420	135456	83.8	-22.20	12	9	_c1_c1	
REP35d	NZ_CP064066.1	135442	135459	88.9	-10.10	7	4		
REP36a	NZ_CP064066.1	136742	136777	77.8	-33.90	16	4		
REP36b	NZ_CP064066.1	136767	136781	93.3	-7.60	5	5		
REP36c	NZ_CP064066.1	136785	136808	91.7	-23.30	10	4		
REP56d	NZ_CP064066.1	137910	137926	76.5	-10.40	7	3		
REP37a	NZ_CP064066.1	138415	138431	35.3	-6.60	6	5		
REP56a	NZ_CP064066.1	138523	138548	84.6	-9.60	8	6	_c1_c1	
REP37c	NZ_CP064066.1	138620	138645	69.2	-9.70	9	4	_l4	
REP37d	NZ_CP064066.1	138885	138911	59.3	-8.90	9	5	_r3	
REP38	NZ_CP064066.1	140049	140064	87.5	-9.40	6	4		
REP55d	NZ_CP064066.1	140765	140806	85.7	-18.20	13	4	_r4_r3_c4	
REP55c	NZ_CP064066.1	140832	140876	77.8	-25.60	17	3	_l1_r3_c1	
REP55b	NZ_CP064066.1	140865	140891	66.7	-15.20	10	3	_c2	
REP55a	NZ_CP064066.1	140934	140954	57.1	-11.30	7	7		
REP39a	NZ_CP064066.1	141102	141122	66.7	-8.80	9	3		
REP39b	NZ_CP064066.1	141271	141294	70.8	-11.60	7	10		
REP39c	NZ_CP064066.1	141342	141356	53.3	-4.00	6	3		
REP39d	NZ_CP064066.1	141683	141699	82.4	-5.70	5	5	_l1	
REP54b	NZ_CP064066.1	141873	141890	83.3	-13.70	7	4		
REP54a	NZ_CP064066.1	141903	141921	73.7	-12.60	7	5		
REP53d	NZ_CP064066.1	145455	145474	95.0	-11.60	7	4	_c1	
REP53b	NZ_CP064066.1	145553	145571	100.0	-13.30	7	5		
REP40b	NZ_CP064066.1	145615	145633	78.9	-6.70	5	9		
REP40c	NZ_CP064066.1	145693	145724	81.2	-12.40	10	4	_c3_l1	
REP40d	NZ_CP064066.1	145747	145762	87.5	-4.40	5	4	_c1	
REP41a	NZ_CP064066.1	147992	148014	73.9	-17.80	9	5		
REP41b	NZ_CP064066.1	148035	148066	78.1	-16.30	12	5	_c1_r1	
REP42a	NZ_CP064066.1	151139	151180	66.7	-25.70	17	4	_l2_c1	
REP52b	NZ_CP064066.1	151368	151395	92.9	-15.10	9	6	_c1_c1	
REP42c	NZ_CP064066.1	151375	151393	94.4	-7.40	6	4	_r1	
REP42d	NZ_CP064066.1	151380	151399	90.0	-12.60	7	6		
REP52a	NZ_CP064066.1	151496	151511	68.8	-3.90	4	4		
REP43a	NZ_CP064066.1	157102	157126	96.0	-16.30	10	3	_r2	
REP43b	NZ_CP064066.1	157125	157153	34.5	-14.10	12	5		
REP51d	NZ_CP064066.1	159585	159607	69.6	-7.70	7	3	_c1	
REP51c	NZ_CP064066.1	159652	159679	89.3	-24.80	10	8		
REP51b	NZ_CP064066.1	159741	159773	78.8	-17.60	13	3	_c1_c1	
REP51a	NZ_CP064066.1	160226	160270	84.4	-34.30	17	9	_r2	
REP44b	NZ_CP064066.1	160373	160399	77.8	-11.60	10	4	_r1_c1	
REP44c	NZ_CP064066.1	160622	160639	66.7	-9.90	7	4		
REP44d	NZ_CP064066.1	160646	160677	71.9	-14.40	10	8	_c2	
REP45	NZ_CP064066.1	163348	163365	33.3	-6.60	7	4		
REP50d	NZ_CP064066.1	164356	164373	88.9	-11.80	7	4		
REP50b	NZ_CP064066.1	164486	164506	76.2	-10.30	7	7		
REP50a	NZ_CP064066.1	164512	164541	73.3	-10.50	9	4	_c3_c1	
REP46a	NZ_CP064066.1	164684	164703	70.0	-13.10	8	4		
REP46b	NZ_CP064066.1	164899	164910	75.0	-4.30	4	4		
REP49	NZ_CP064066.1	164942	164963	77.3	-11.70	7	8		
REP46d	NZ_CP064066.1	164989	165003	93.3	-10.00	6	3		
REP48	NZ_CP064066.1	167432	167473	78.6	-14.10	12	6	_c4_c1_c1	
REP47d	NZ_CP064066.1	168200	168214	66.7	-6.70	6	3		
REP47c	NZ_CP064066.1	168292	168312	95.2	-14.60	7	7		
REP47b	NZ_CP064066.1	168306	168332	96.3	-20.10	10	4	_r1	
REP47a	NZ_CP064066.1	168400	168434	85.3	-23.50	14	3	_r1_l1	
